priority,quality_score,mint,chain,alert_count,has_duplicates,duplicate_count,has_gaps,gap_count,has_distortions,distortion_count,callers
critical,18.0,52jp8zq1QN9vm4L77S34QDsvCBTytgP3vP4RX3Tzpump,solana,1,True,100,False,0,True,1390,
critical,18.0,FVteBgseuMhnvudUVmkmQEmAQK5HD3Tmf1bpQgg8RxjM,solana,1,True,100,False,0,True,598,
critical,20.0,EXuFrqGEJKwJNPzzBtN72TeiWqbBUb2ciVqwTuX1pump,solana,2,True,100,False,0,True,1528,
critical,20.0,E9M1EEYkJSyJiwvZsXQT7YZz72UNJU5EvDNFZmGNpump,solana,2,True,100,False,0,True,3149,
critical,20.0,8maoRaiRCiqsU3vPjNUGBPmLfuFpJGe2gnSvqKCLpump,solana,2,True,100,False,0,True,3651,
critical,20.0,4EmBkXxf2uAhbY68TJK9VT4PXTuP672EwJvpRrvopump,solana,2,True,100,False,0,True,6075,
critical,20.0,6RpLB6vvobVevJB9KczgbYWyJaAUSeZ6ghahdS8Cpump,solana,1,True,100,False,0,True,639,
critical,20.0,5F75xuCeJoWfnobSHBpsfX5aNC4JVJRqV8uBCGtucgDU,solana,1,True,100,False,0,True,1232,
critical,20.0,5AzEfXDXnmSFwSQdkbDm6jUX2t4Z8iEPxDVbfKrkpump,solana,1,True,100,False,0,True,1318,
critical,20.0,DR3SaAFaUw5JSTuhi1LDHz3CN8MHJJYgkLg4uwfPpump,solana,1,True,100,False,0,True,1272,
critical,20.0,4fYCvJ16WsYjZocAD2nHK6RFeqtFqGQWMerxV42Fpump,solana,1,True,100,False,0,True,697,
critical,21.5,GYKBbafCYFwd9gYrZuVQ4yYwdHgbxJ1HRQh8jN6Apump,solana,3,True,100,False,0,True,5374,
critical,31.2,DPv4LM5Jv1PiksBBjPUXu9M4UA1Ww868KSoS9ZhFpump,solana,4,True,100,False,0,True,883,
critical,39.6,9XgfFWPxPU6hyDyGtfhC9D6eyRE3RUSgAYKHRznWpump,solana,2,True,100,False,0,True,1271,
critical,40.0,32AFCkJM7TnuyBc8yJS43fLwCzbB8WYgBfBpKinxpump,solana,2,True,100,False,0,True,6885,
critical,40.0,9TWCjp6fxYXuuSPyDh8fir44dtWQiFGGUT4WfRVm42QL,solana,1,True,100,False,0,True,1365,
critical,40.0,97LPYUgp1HgJtHh4mXJSxXxzxgy65XQTdf1T5c5Upump,solana,1,True,100,False,0,True,1764,
critical,47.1,2bNQko1C2wYfexfe9MBnd7SwwaQC6vyEXdhMkhBWEN4d,solana,6,True,100,False,0,True,320,
high,60.0,92ZcT2413ZboNzdZFzq2mrqXZeu99wc5kx2fgjMgpump,solana,4,False,0,False,0,True,7427,
high,66.0,HDQeMuhaySnTn1MFF3uxxr1gLsiGWFnoRw9fE7WYpump,solana,2,False,0,False,0,True,9865,
high,66.0,9x1dhYnxtjQonbSe8d7v79g1TPKyCti4gXGjJEJopump,solana,2,False,0,False,0,True,11091,
high,68.0,zJQQ2zZ5ggJKXBpaNNxJdmB2JJodJJvudQUbyZQpump,solana,5,False,0,False,0,True,2009,
high,68.0,Jofji8cUzmS97EBu7YBZJQpJnUXUc9DKSJsHF4Ypump,solana,2,False,0,False,0,True,1964,
medium,70.0,9MLZegMaTpitzP3ps9eGUC4GwMLYv8pxTkMFuKhvpump,solana,10,False,0,False,0,True,5375,
medium,70.0,9uDHmr4h2R6h6mTdhdzXGsT6abRMfx8N3rQxRB2Fpump,solana,7,False,0,False,0,True,4454,
medium,70.0,Cnj5xWjidDVvMFGTjEnATV7ULAaeZy86PUQTAacv9No8,solana,7,False,0,False,0,True,8108,
medium,70.0,EXoMAHnw2Gw5fXJTektedLJDVn9vn8tLTEQX7gHccQKR,solana,6,False,0,False,0,True,3696,
medium,70.0,HBsbZz9hvxzi3EnCYWLLwvMPWgV4aeC74mEdvTg9bonk,solana,6,False,0,False,0,True,6188,
medium,70.0,DLhYBbdTV3QYujqoNECyv1yYXMbFKqUUtoPTAABtBAGS,solana,6,False,0,False,0,True,9531,
medium,70.0,6q6tqND6J8fPpAf2VNbFYLuXKVgbPC7BUbPjQTyrbonk,solana,6,False,0,False,0,True,7987,
medium,70.0,CJBSwuppGWjBQfCueziH1czsyQp7DuW2wwYedC31bonk,solana,6,False,0,False,0,True,6441,
medium,70.0,BoRYhYtgSTHNQnmVABBs8tEKwRtFjVjY1GEoyBSyfUWm,solana,6,False,0,False,0,True,9092,
medium,70.0,5XW1SaAZyBrptY6Bi5BvjUg699mRkNXc8yR18Zaapump,solana,5,False,0,False,0,True,7983,
medium,70.0,EG6WeiR2DymUVVjNHEU4MEJXmWnzXJhk3JerRy4gpump,solana,5,False,0,False,0,True,4474,
medium,70.0,Ey2zpSAJ5gVLfYDD5WjccbksJD3E9jPFMPaJ8wxvpump,solana,5,False,0,False,0,True,5658,
medium,70.0,DMqd2KGhjp7DrpMhkt56uT76WnRrXDvnCX8YpEZzbonk,solana,5,False,0,False,0,True,3576,
medium,70.0,HLL31GKoyZr9ULMbENeHbtpx3RgaUHaH4qGpVHkdbonk,solana,5,False,0,False,0,True,5270,
medium,70.0,LdRSv8xtxhykB4CehiHB8QG6iyQdVVj2PVS1QCUbonk,solana,5,False,0,False,0,True,6138,
medium,70.0,7ynEgUBYp36hipn5JzuoFoB9CDMkMb9CTaup4Zz6pump,solana,5,False,0,False,0,True,3411,
medium,70.0,8aEybVGWUgAXSZw6Rdt814fB3Tz6tGABEEDwEzbPpump,solana,5,False,0,False,0,True,4442,
medium,70.0,7ifX7okDF3Q5equtyFo5BkwZyeKY1hGcZCmkZQ5upump,solana,4,False,0,False,0,True,4645,
medium,70.0,CTkPYPMrehsREdzn2dBMCwNxbP9ExrEnoQHMgswYpump,solana,4,False,0,False,0,True,5550,
medium,70.0,G1DXVVmqJs8Ei79QbK41dpgk2WtXSGqLtx9of7o8BAGS,solana,4,False,0,False,0,True,5927,
medium,70.0,5UB6vnMU7b6khnUjCoPqWbXCdmJWssWREJDwH147pump,solana,4,False,0,False,0,True,6493,
medium,70.0,BV3PUxYhLs1X859A8ev7QaGnQLESnqY7kTaak3Aepump,solana,4,False,0,False,0,True,9548,
medium,70.0,BFhwU8vyK4v1bm3uva4TXrrhN1md1eSpx75ah245oxSr,solana,4,False,0,False,0,True,8646,
medium,70.0,FfptCUbN78XmFB9A51Q9v4KGXJHiSkHV36dUfjVmpump,solana,4,False,0,False,0,True,8653,
medium,70.0,HMcQvSj8hEqdkbyPbEUmiU6mnu5k2Ki5y5J65ebpump,solana,4,False,0,False,0,True,9065,
medium,70.0,kLxcxtkxsrTXQnffM6QQBgv6SX3gYMVx9w14LZZpump,solana,4,False,0,False,0,True,8313,
medium,70.0,44sVpouhWHXzADVsVUo863tvgmaw6LNQo25fYRs1pump,solana,4,False,0,False,0,True,9053,
medium,70.0,HcTwgEvBYzopr3LYXqikFpf37XhtPYVwkibCqvM3H8sV,solana,4,False,0,False,0,True,7590,
medium,70.0,GKdpkRpeSpMv3pqV23EProe7tSZdBoTCJJspfYBLpump,solana,4,False,0,False,0,True,8741,
medium,70.0,HfinDxme8FDh66WMkd2GTGz4Eh1Wf2gBGTGZ62x3pump,solana,4,False,0,False,0,True,8279,
medium,70.0,Boun7CYwd668AbxSQDNTijzEmweY91cW6DKuwAbJBAGS,solana,4,False,0,False,0,True,8676,
medium,70.0,4Z5b1Y8FrarrXeQxUpBenipQLyEWtfpdrStEGQwXbonk,solana,4,False,0,False,0,True,7343,
medium,70.0,AhiEuwGafsTbu2oUkk1Tmbprg1wdUvWiUCLVvAwvBAGS,solana,4,False,0,False,0,True,8057,
medium,70.0,6NPE165SHwcNcrWYZauv4Rdj4SnjFC2zrgCsGQdZbonk,solana,4,False,0,False,0,True,7691,
medium,70.0,4H2Qjr8rsCj5MpaJXoVyJUC6XkaDupqEAre3r4JqBAGS,solana,4,False,0,False,0,True,9226,
medium,70.0,7obhQyME8iSNktCbCAtiLCpgv3cVqW1PWd31v4Egpump,solana,4,False,0,False,0,True,8195,
medium,70.0,5mMrEEDRyFutXr7GB4NdJLkhRDQzrK5VC9Qc3Tr8bonk,solana,4,False,0,False,0,True,7165,
medium,70.0,6ieMTp3XMjtLUGzzqEwekdgPCgBt9aW8nAE6uhuBBAGS,solana,4,False,0,False,0,True,7757,
medium,70.0,4gJpaA4vwtNdjrcAyACL5H1PFB57HtJKBGKdar8tbonk,solana,4,False,0,False,0,True,9251,
medium,70.0,GxzvWxCzNN3MTEZzTRx7RnP3yg4dmD8Ez8Ssu8wSbonk,solana,4,False,0,False,0,True,3720,
medium,70.0,6T7xYGQxtSRjKFpJHvX1ondUnULLLyx8iKsGmM7Xbonk,solana,4,False,0,False,0,True,6957,
medium,70.0,dgU3DSSTFyHx4j5MKx94V3BB6jMse7EQpGDi6zUuULt,solana,4,False,0,False,0,True,7356,
medium,70.0,2TobP67e8TXkGAqcSQpu9WJPeBnKKZxAnHN518qxbonk,solana,4,False,0,False,0,True,7513,
medium,70.0,FjoHttjKHeuycYZA38xCBeYLyLxuf1tTY72RLackpump,solana,4,False,0,False,0,True,8434,
medium,70.0,7iqRq48RjwPzXHEarqSiYW53jqrKfuLPJd8z6S9Ybonk,solana,4,False,0,False,0,True,5441,
medium,70.0,71B6bJU6nAFrEJfRyvhToR4r9qA3H7tY2whvup4ibonk,solana,4,False,0,False,0,True,8895,
medium,70.0,G95Ymh2s4qSkKA6mdegcEu4qf2QWk1A1a7c85Kg7eBLV,solana,4,False,0,False,0,True,8129,
medium,70.0,ATvV475xNu3qZe6ZFcuHeieftruYxHbvnGbZPqoPjups,solana,4,False,0,False,0,True,5039,
medium,70.0,6NWctRoMdzNjEwNqHmQv5b1nEi5XURek63wDdrawsBLV,solana,4,False,0,False,0,True,8549,
medium,70.0,44vNZ1MKwcmjDgN4WW8yCbPMEer8jNVGhyeUm83o4TN2,solana,4,False,0,False,0,True,4999,
medium,70.0,3Y7uP2UhEE68dpyAmWfXc7biSQmQqQonCiyDp6KYpump,solana,4,False,0,False,0,True,2142,
medium,70.0,5tmCnHXMeNeXP1VbZmZrNPFriqLYxuGtRZRc3AL9pump,solana,4,False,0,False,0,True,4357,
medium,70.0,B4VPrWzFCegrnGge4KvgNMPaZfkc37s3xaz5T4Xwpump,solana,4,False,0,False,0,True,4165,
medium,70.0,Hqh1ysr1hUhS7ZMFjRBDSgAgx5QsHaRx9gauGnpNpump,solana,4,False,0,False,0,True,3855,
medium,70.0,8BmHnfjHKkWKTBroPMXdr617VLSzMjdUQYaMUcJfpump,solana,4,False,0,False,0,True,3365,
medium,70.0,5T6bWCA3pY1B9V6Dw3ndX99jsuEgkRJqoMeD5muBpump,solana,4,False,0,False,0,True,2944,
medium,70.0,9p7EwSQDibG35mgZq6jucRDub16euT4YxvaVRx73fhYU,solana,4,False,0,False,0,True,4992,
medium,70.0,EzVkdRYRACWKQeY7fHg4BBL7gx8WC5DvNxWm4ZA2pump,solana,4,False,0,False,0,True,4272,
medium,70.0,CK9H4BAg9MHpjncNwaoRLiLZeDHUzii7EdA2AS1pump,solana,4,False,0,False,0,True,5605,
medium,70.0,2N7AHJHKTW7E1gFQi52jC9nzUucXSLYc3h6KBEoPoCu5,solana,4,False,0,False,0,True,4997,
medium,70.0,AFMyfmGLmZ7VGfqbQ3aUaHtNQnH3mE4T1foJyimppump,solana,4,False,0,False,0,True,2096,
medium,70.0,6ZMu4PRVpNMxVHdzMDcGLQf4Qv9x73YHpsHrK6mepump,solana,3,False,0,False,0,True,11723,
medium,70.0,7pXsYxptLKSUV6t66SvCAhhyvCeHjHos4qaSYUv6pump,solana,3,False,0,False,0,True,8159,
medium,70.0,ErnUXjfWZHdQAYK7aupHaFivV2oef9hfmVARFWQxpump,solana,3,False,0,False,0,True,8934,
medium,70.0,AUUu7yuTkwq46jLmZJQC9DbuAYWKvmwmpTUq6VLMpump,solana,3,False,0,False,0,True,8211,
medium,70.0,CuFFw6irQnSV48HwdM4mKGauSwEWqTEztL14kShLpump,solana,3,False,0,False,0,True,5760,
medium,70.0,GP9P4a98t3g8dZ7wL5257GJzkcqLicAHKNTnr5SJpump,solana,3,False,0,False,0,True,9278,
medium,70.0,Gi3vuXnFJevwrjKQMzher3dsPNwNeNn5H9etwC84pump,solana,3,False,0,False,0,True,9227,
medium,70.0,G85CQEBqwsoe3qkb5oXXpdZFh7uhYXhDRsQAM4aJuBLV,solana,3,False,0,False,0,True,4372,
medium,70.0,8dHQtB8F3vEUWUXvptPWsSMQy5jo2h6WU2aDNbfipump,solana,3,False,0,False,0,True,7041,
medium,70.0,5PpWbYsDosMGEre1PThdXhHjN85S1RX7fsLMDRi3pump,solana,3,False,0,False,0,True,9327,
medium,70.0,FyB8VxxYAaVVchAgbB1kvjWdw26ovaD4ipwV1j8epump,solana,3,False,0,False,0,True,5180,
medium,70.0,HQDTzNa4nQVetoG6aCbSLX9kcH7tSv2j2sTV67Etpump,solana,3,False,0,False,0,True,4936,
medium,70.0,6GTBQj1w2AH7xTLrCGijFTHFyjBUZL1Zq2jX1AdSpump,solana,3,False,0,False,0,True,9206,
medium,70.0,2YMTGyWoGGPpaHt81QFTpfkom99hbT1yPHbAZs6ppump,solana,3,False,0,False,0,True,9786,
medium,70.0,CKW8P1A72umtcbC35shqvuDUPf5N9P6LDkGUwkB1pump,solana,3,False,0,False,0,True,9406,
medium,70.0,2oFymDJhPxzjPwLk4RBMpjosVoxaLFM8oj1K8rpepump,solana,3,False,0,False,0,True,8891,
medium,70.0,Hwui6yPX8iPWxs1bD95zaiwrEJ3md2tksweVADsmpump,solana,3,False,0,False,0,True,8848,
medium,70.0,2cxnk5oK5UG6e9b3JDftgKzzJ72nRdie5ZxHrspLpump,solana,3,False,0,False,0,True,9347,
medium,70.0,5fMpeZmt2wKYwt1ADH1h26djvNM1tVHQrYnSgjQUpump,solana,3,False,0,False,0,True,6951,
medium,70.0,G4Z2UAJMZ3L3drtKLcGRG5LzyF7MySzn8NTW94nSTART,solana,3,False,0,False,0,True,8844,
medium,70.0,dh1yPPKTsqR25aVVpbp24rHTjc7VbyhFPGiQyrypump,solana,3,False,0,False,0,True,9524,
medium,70.0,AkuXKTbE8rnYCdpnW8eE1xtKfKfQ3uhwXS3dk9cbpump,solana,3,False,0,False,0,True,6125,
medium,70.0,2xMRHEpzjBroKEQTMjeafvR9BdmaJsxuivB7wnazyzLJ,solana,3,False,0,False,0,True,9803,
medium,70.0,EVUNTZPwJVir35s2EgMdnpF1Lh787S8bZgKSVApZpump,solana,3,False,0,False,0,True,9847,
medium,70.0,B3zWuNcVQK9YVHngeDH7UFwsmudWnNhFn89T1AQcpump,solana,3,False,0,False,0,True,8356,
medium,70.0,ooPKiXjyNhhosfVqriFv1KiktVsxx2ujd4pZc3Xpump,solana,3,False,0,False,0,True,9558,
medium,70.0,EwEJ5R1im54MowvsGwYUkyfWRMV1qcRL21PumVd4pump,solana,3,False,0,False,0,True,9854,
medium,70.0,HsZvkLneVfn3HVEdg649osbjicUEpVFdNZgYH9Mxpump,solana,3,False,0,False,0,True,8556,
medium,70.0,G3C8bR1ogqcV9vqwv8iBjKPoZ5tsKaW6JJEeWFpgpump,solana,3,False,0,False,0,True,9028,
medium,70.0,FJv6JHhiQmVPpauia3VLxNBTNBL3S2uKtDB8u6X1SpUq,solana,3,False,0,False,0,True,8770,
medium,70.0,GGzQjirXTSFRBgDYitzmT7Qgb1R2jQTzajdgpZaEbonk,solana,3,False,0,False,0,True,7521,
medium,70.0,7Am9zxtsCAvVeQvHCodT9LG3daMKRNg4rsUrFfvLpump,solana,3,False,0,False,0,True,9370,
medium,70.0,FTggXu7nYowpXjScSw7BZjtZDXywLNjK88CGhydDGgMS,solana,3,False,0,False,0,True,5457,
medium,70.0,hC16Tp4jsvU7oi9hGz4Q142FubFxNza6ParQSMkbonk,solana,3,False,0,False,0,True,7232,
medium,70.0,FYXnJhgLmhcELqsKyAfdKZExFfA7gaskQa5TuEZE9RZT,solana,3,False,0,False,0,True,8830,
medium,70.0,45peQFd9KD5pb8inMDN4RFGXdsyQEZY3qFDgvrgpBAGS,solana,3,False,0,False,0,True,6735,
medium,70.0,G2ajLzpiW6tPvRqdjz6QfFKyArrh7zh66Zi1rmoppump,solana,3,False,0,False,0,True,5978,
medium,70.0,7RJZhL31JHg2KCEp1gwQYdMGjNQfsiZavGGpAhYVbonk,solana,3,False,0,False,0,True,7125,
medium,70.0,GvhKJQGSLsPN49AM4cHS6YSDZysPmP5zq3E3Shwubonk,solana,3,False,0,False,0,True,6097,
medium,70.0,3cVapUxMFr7xjpBL3ih8uHTfcCj4xsAXuBDCGtN4bonk,solana,3,False,0,False,0,True,7600,
medium,70.0,7PagSBusvxQ252fuBFnhipMZwd4T4jGikLeuwrDibonk,solana,3,False,0,False,0,True,4189,
medium,70.0,6RVSfgQgRPvqjjzD5UFnhZZAQE8oJYQXHuEmZSkvbonk,solana,3,False,0,False,0,True,9872,
medium,70.0,8cNRL9gfQgg4N4wpVZy3o11ahUmUYHAd5KJPvXKmbonk,solana,3,False,0,False,0,True,8382,
medium,70.0,6xUYNCTUSAWDz7DThjJ2GoyqBA4g8mCgBvM6cYKXbonk,solana,3,False,0,False,0,True,5727,
medium,70.0,k5AMg1yUxaYTNXpVDpkrVn8VSgBe9K4t1pQYVCzbonk,solana,3,False,0,False,0,True,6093,
medium,70.0,2uaTpSujZBYwBZNXusmW7PqM8Vi4qwbyotnfWhaN9oT9,solana,3,False,0,False,0,True,4619,
medium,70.0,3hrGWXzgQzAikcG6rerG45tK7KLYw2dZ84owWJ14bonk,solana,3,False,0,False,0,True,7711,
medium,70.0,FZqHDGiCWAQgoWnx7bnW5SGU7SdSqy75ZNryJH9Bbonk,solana,3,False,0,False,0,True,8977,
medium,70.0,A5r6E4tj2rXREkBQdLCmv8sRNdinSyKeBumCwjFxjups,solana,3,False,0,False,0,True,4254,
medium,70.0,EtZFFYibEKAQbR4UB1VoQFscpkTYxbMdB1bssbAybonk,solana,3,False,0,False,0,True,6964,
medium,70.0,5282xUX6Um6yP9SSFpUE4DLdbV4FTS7fzFkF2xDcbonk,solana,3,False,0,False,0,True,9935,
medium,70.0,HjsZ73QxNbXoUnyXXffoXn6kHUKQqdy6GXd4J1N4shot,solana,3,False,0,False,0,True,6169,
medium,70.0,3ffUQ1yDyr3MdVNb5hyumwj9WK5GPXLJDpvGRAypbonk,solana,3,False,0,False,0,True,8295,
medium,70.0,Fp7JAxNtEJsRPuWfHTaDdXyEwncAumMszsEXREPo7HpC,solana,3,False,0,False,0,True,9695,
medium,70.0,jZGmEwwaW94iiU32wa6RADgVEhdpQpa6MtGERfJpump,solana,3,False,0,False,0,True,7939,
medium,70.0,FWj3yi1x2ZHaZZsB1mteximPVZJ3LtGjNzasknTpbonk,solana,3,False,0,False,0,True,7614,
medium,70.0,o86kpPZy4Vo37Pdg3SBkmzgTNhkAM2sfghirvgSpump,solana,3,False,0,False,0,True,5213,
medium,70.0,7qDrjF1zkDJA6LombCda3duwC1ABbAYancTiRHZwbonk,solana,3,False,0,False,0,True,6199,
medium,70.0,8dXF2MMpCieBD6PZnHwZyDmREnzUJELxo9RL4PGbonk,solana,3,False,0,False,0,True,7926,
medium,70.0,BJssriYGNkMqLW2MUXxztWYbY3UBF87ZYKq3KDstaxX,solana,3,False,0,False,0,True,9875,
medium,70.0,597vZbUGXN7Qvnxys4WaMBM9qS1bFpbbB1ch9Cchpump,solana,3,False,0,False,0,True,9646,
medium,70.0,86NZP6zL4jqYUhQLn5VczbmckdHx78AaVz2CmPakpump,solana,3,False,0,False,0,True,9426,
medium,70.0,9isJBF9KGWNGga6D4Hbz6H2Gj99ra9JYNxD6Csxppump,solana,3,False,0,False,0,True,7288,
medium,70.0,9Zmgzw27pXksFBQBCAhDfVkNB4adHPEcvo51q8Rnbonk,solana,3,False,0,False,0,True,8667,
medium,70.0,5iooMHkYiJRM9bsBVtKUT5J7JwuzJq6758iUhb9Epump,solana,3,False,0,False,0,True,2538,
medium,70.0,HCbAsNkBtDikvvaHUczyqwnohSRswqYtjXBK6MfxRwT9,solana,3,False,0,False,0,True,4999,
medium,70.0,5nfSFw264ZUJs4LmSyWVr8ToMoyzjKwZ9vC7ufzcSMDY,solana,3,False,0,False,0,True,4998,
medium,70.0,3Pau51sRrKJTcbMgajArHKv1tZeic8yNCUno5DuYpump,solana,3,False,0,False,0,True,5090,
medium,70.0,AyUNcnrN1iiJ2hhT2DkPRmXzyxzqBuVoxfUo8PPupump,solana,3,False,0,False,0,True,3605,
medium,70.0,GVnxxxUt91vXaK7hXTDCgohQoFmxDrjodM5gGzTBpump,solana,3,False,0,False,0,True,3932,
medium,70.0,iBhZPr4bV59kzeUkXptMtmNXHENqwLkv74N2k7Qpump,solana,3,False,0,False,0,True,4369,
medium,70.0,8AkguJ6zeg9Gp2PcLdi4s3NqUANLhp9JXKySMmfypump,solana,3,False,0,False,0,True,2739,
medium,70.0,FDNckmLUbYbvfwHdtq89d8XpnJj8n9nVUxSSaPaqpump,solana,3,False,0,False,0,True,2937,
medium,70.0,EbVQUPXkdjHxWDm95Qvx5CqwYpRMsshiNPR8QpN3pump,solana,3,False,0,False,0,True,4082,
medium,70.0,Ep53NDxoipoyFyh4dRc3fi1XqJPkE8Rw7Sbji6trpump,solana,3,False,0,False,0,True,1790,
medium,70.0,5Fxk572o7JgkNhv4VbHt7DKfvKiBpapGr3fxjGd6pump,solana,3,False,0,False,0,True,3751,
medium,70.0,5iVTh6f2Tyfbur5kBiKuhT9ZmN7FFXMrwgAv7KEPpump,solana,3,False,0,False,0,True,4099,
medium,70.0,2o4nCsaxkFRb5tDeGxgw2yNZf26tFM7QaBdkQR9Vpump,solana,3,False,0,False,0,True,2610,
medium,70.0,6bq8kCaBGPiqjpwV2dACjT4S7aaynA5ZoQ61U3t4pump,solana,3,False,0,False,0,True,3305,
medium,70.0,CXDMC5BxZfy3mXvGs5Tnu87GjP8YCauCJewiY8P9pump,solana,3,False,0,False,0,True,4298,
medium,70.0,Cft3gDDE72M833wN1C6rZgJLjse1X2EXMUgXVVfcbonk,solana,3,False,0,False,0,True,8708,
medium,70.0,9A55EA19nubqkyiSvPA1Mhtg5zRKV8vxoxhopSvYeyV,solana,3,False,0,False,0,True,4997,
medium,70.0,b2mJg36i1jjg1xQBYSQgBqop7BMEV5g8skDgxU1pump,solana,3,False,0,False,0,True,4283,
medium,70.0,DT8E8Bx5mrULJEcXSFYCEHB8XjwaMbJFvG35zjGmpump,solana,3,False,0,False,0,True,4734,
medium,70.0,GyEJPVTVVdBURwMWZNKF3ifjJ4Pj4Q4nFV3DTcnHg59d,solana,3,False,0,False,0,True,3274,
medium,70.0,Av4dQxUK7nBfU4rSp9qfj3s8KEzT2crB9j15KXq7pump,solana,3,False,0,False,0,True,4481,
medium,70.0,7wnztGNuNwGCv8KajmuoDGKNqiwJ98JBn9T7muDpump,solana,3,False,0,False,0,True,4989,
medium,70.0,GjGmkC899vNwUKjdMpiH4qV1ejhDGsBaojpwDGJzpump,solana,3,False,0,False,0,True,3210,
medium,70.0,8qhnhE5rnvSWV6Rec5zsB53pN7JvWijrL2Pox63vpump,solana,3,False,0,False,0,True,4865,
medium,70.0,EUsRKBTUJ7mUBAB11PmfQWmbTKYC5UwAjp5ccFKPpump,solana,3,False,0,False,0,True,4625,
medium,70.0,EoRe4xECTe9imaYtwfdmrGoinD2S1N5yMeu1LrjQpump,solana,3,False,0,False,0,True,4182,
medium,70.0,2Yq1tzcsSv3PL6Xrm9QPBBkG9PtoLYZdUGShXw2epump,solana,3,False,0,False,0,True,4784,
medium,70.0,Bbg749K3tpN9oGL326SrTaDjJYJobffehvYx73FTpump,solana,3,False,0,False,0,True,4914,
medium,70.0,wVPP8r2wuE8kR9rA4sHkW6g3RHSoQkJecHAGLQb2iZX,solana,3,False,0,False,0,True,4223,
medium,70.0,5RncjvjvLkVVHDCaKrPvvSDQofxJmZyhcJaRsmNopump,solana,2,False,0,False,0,True,2616,
medium,70.0,C8qZfziFAyL6GmzrL7oDWdsSps9wBm3J3S1bcEuDpump,solana,2,False,0,False,0,True,3320,
medium,70.0,EAdKtpcR2f6w4zRaemGg7ZTHHUCP8UcK1Qq2Q1bupump,solana,2,False,0,False,0,True,2581,
medium,70.0,EcQmBHdPEfj4j8ar4Yhz19f2NP8KeFYy6HdZR3MbEzko,solana,2,False,0,False,0,True,4478,
medium,70.0,Dr7r38EvuFzezm9FhHgVw6eaPjGNRaj9JMAknAprpump,solana,2,False,0,False,0,True,4192,
medium,70.0,6zBkvjLkLZQxRBqACM4nHPjjdrjYjL994eruJtTWGJWM,solana,2,False,0,False,0,True,4406,
medium,70.0,GuhgaLx17yG56Xv6bb6C7Mun9a88RLc7zEEqp5oFpump,solana,2,False,0,False,0,True,5045,
medium,70.0,7ESp4uzjt7218bFhexK8BfkA3hPQ19A1BoNMsCpypump,solana,2,False,0,False,0,True,5488,
medium,70.0,BxBmLazgUME6ah27Yjy44JgqUMZSzinUWrEiab2tpump,solana,2,False,0,False,0,True,8125,
medium,70.0,BWFTKMWLQjZbmG8XSNSsmjXucaob8LP1DZp5cvBGpump,solana,2,False,0,False,0,True,9732,
medium,70.0,EEu9SjbneY5qsBkZpdNPr9BLsRa4WNYFX4CnvmoDpump,solana,2,False,0,False,0,True,8137,
medium,70.0,623bhm9JctXcpT3sVzvPxpxgqzTULzjGFXZH74d3pump,solana,2,False,0,False,0,True,8714,
medium,70.0,5oxz2UVVsk25Ea7p5xiz7f6SACcKsEujjo64Cv2mpump,solana,2,False,0,False,0,True,8257,
medium,70.0,36Q5RuwiXbLxvRHvCjkKQxEpWmmoVUEM8dYQT2Wcbonk,solana,2,False,0,False,0,True,7724,
medium,70.0,2JVZ7LF7dPj8EfmKcGe6CPjXZRLRZqe3wE66jR4Bpump,solana,2,False,0,False,0,True,7138,
medium,70.0,DuGG2iGCqk6gWcTSuqVS2K7pnRyjaVcGebwcWPHnpump,solana,2,False,0,False,0,True,9102,
medium,70.0,8CCaTB1HQ4NLE9E1k2s7Y7VCzcjoubj2AaWrVZL8pump,solana,2,False,0,False,0,True,9990,
medium,70.0,PKvPfH9339BvUYXSzHAinLetVJcTjT38Sjga5wipump,solana,2,False,0,False,0,True,9998,
medium,70.0,9YPEKLt2nn8jstTG7SiCENToG5Nm875z6DsPhYZopump,solana,2,False,0,False,0,True,9995,
medium,70.0,6qP288uHwhcAEAphWVhhyETzaxjTCWcabSGH33sSpump,solana,2,False,0,False,0,True,9899,
medium,70.0,AkbvXVZPzrHSpcxNADQ7Uxk6nvjHtpHn4nqNQZY8TJBn,solana,2,False,0,False,0,True,7137,
medium,70.0,55WZGGCwE66xnCxBcAxKSNT49wzeaHhT9jE2xWSXpump,solana,2,False,0,False,0,True,4976,
medium,70.0,Dcz1AxD7dF665jMBWacqWsu4g1xjSBWstbS5DGLopump,solana,2,False,0,False,0,True,9177,
medium,70.0,GPqgnQ5xD8oPGT2aN3bZ467EHmDbEt7aRhJuUQGLpump,solana,2,False,0,False,0,True,5115,
medium,70.0,4SkFDZZ1SxSw3M79ohRPfmdxYKKCd21hxQnhYeWNpump,solana,2,False,0,False,0,True,8134,
medium,70.0,GV1uiHtqnFqHYijcBzt2A56Fe9LjoCnszjVbekzvpump,solana,2,False,0,False,0,True,8738,
medium,70.0,26nS7AcxmhbzfY23iLT1LV1SrnYYuKqYFAg942KPpump,solana,2,False,0,False,0,True,9223,
medium,70.0,DnfUH9aCQ5w5JvT2y9eJEVCoq2NenHBgoTXnYnc3pump,solana,2,False,0,False,0,True,9986,
medium,70.0,5xL15htnLsMN44DyUQyztEYSFBn6pgF41cngBkKMpump,solana,2,False,0,False,0,True,7434,
medium,70.0,Hz5umnpTrCjXNUrZtZAdviEfmXDzmaBZiQefVdb9pump,solana,2,False,0,False,0,True,6588,
medium,70.0,3mLQPiA5ySspiZcCu6TwxyuatkdBB7b1i8nVPYkRpump,solana,2,False,0,False,0,True,6248,
medium,70.0,CHDD5kgtG39Zxwh5JxHNbmWqNsgYBKZ8QFRNnvJepump,solana,2,False,0,False,0,True,9104,
medium,70.0,8HxW9Z3YT1gXgQcgEynZaHsEpLXRgijGfMYCkaAypump,solana,2,False,0,False,0,True,6328,
medium,70.0,9nXWduTKWCYLgbCKKLjLhqE4S7M85mgAsFVkKZZYpump,solana,2,False,0,False,0,True,8761,
medium,70.0,5SEc2JdcAeQPLeASmuXv8cFkVvgekWWEJkQybz19pump,solana,2,False,0,False,0,True,7690,
medium,70.0,GUkGNfN2xVFqGZ2gchpre6KSBwUjLQzb57t5Yiwcpump,solana,2,False,0,False,0,True,8356,
medium,70.0,4Rr7ZqdQcgAYePzHzWNCdKx8hZXi9CEyPXTfc6CDpump,solana,2,False,0,False,0,True,9585,
medium,70.0,7ztJWBzawnLB1UeEC1zRiyuxqhd2r3oxYYD2ouKVnBLV,solana,2,False,0,False,0,True,7399,
medium,70.0,6aZsRfWLBcbFizeEn3zkrcbVRGYzqCVZjWpd9ysepump,solana,2,False,0,False,0,True,8744,
medium,70.0,9Eufcq8yqukb4A9eUTAXrRpzB7aKTdAuUnqe75ttpump,solana,2,False,0,False,0,True,7530,
medium,70.0,J1aQdXGPXEzLi6FyY1ia9tdoFenuc1T1oTUDLWa9pump,solana,2,False,0,False,0,True,8266,
medium,70.0,D65Jr6jUe5swtbBdfZvieNqsunEBGRwzGpHJPBZ1111,solana,2,False,0,False,0,True,8029,
medium,70.0,43Ag4kEdxbxxjKTQAueg5YYWVVBEV12YU3y4Fomzpump,solana,2,False,0,False,0,True,8340,
medium,70.0,6qjmEYdre48o1sMW9HLNHX4qW7mHaDzkyRRX2Rtmpump,solana,2,False,0,False,0,True,9309,
medium,70.0,FcQJXLB9HxYzKea5xknW3dzwqRW4FUEeP38GdD8gpump,solana,2,False,0,False,0,True,9237,
medium,70.0,BTyH61fYgXULwepVaQTf4PZn43BmSxawHDfwprqcpump,solana,2,False,0,False,0,True,9384,
medium,70.0,3yqZuWiddzCRpHnT5C6biczyjNH8E8SiqVJiJZE3pump,solana,2,False,0,False,0,True,9223,
medium,70.0,2wnQbF4yDak1eVYkSmsAJX9948MZk2ZzEfRMHWerBAGS,solana,2,False,0,False,0,True,7319,
medium,70.0,CHiNsA2B6ZbmKnEmHPCbbX9aXJyoJzAtcLpHEDd6Qyq3,solana,2,False,0,False,0,True,6149,
medium,70.0,At1MTZrQD6fqNZ7tomwfVzWyod2N6XT69TJGVFQ9pump,solana,2,False,0,False,0,True,9789,
medium,70.0,E3oEF6TZb5DssCqwyXRt31AUEnGqvcHeVcyGvLiqpump,solana,2,False,0,False,0,True,6042,
medium,70.0,CmUnSFZCKUFGs2L8eZGQukAj833Y8r2SiJav55Nnrihd,solana,2,False,0,False,0,True,6105,
medium,70.0,D2QvT2fgdvaLxDLiTFjHeRqeZFXU8UqFdJr7xcgHmoon,solana,2,False,0,False,0,True,8498,
medium,70.0,BCmzCD8SBswoM2EHkY7JW2b5iYzYJQjGGKfzYG79pump,solana,2,False,0,False,0,True,9815,
medium,70.0,7RMD2knb2JmFaged8PsZ6rBZoJEVgW3r3hM52A6fmoon,solana,2,False,0,False,0,True,9558,
medium,70.0,5v71TCn8kmbPdkATL8StfTRL7Q9kbFea6gzW8Nkbpump,solana,2,False,0,False,0,True,9848,
medium,70.0,t6Z8Qh7eRn6ikRiL4DeoieTkFz3YtmamDwZQK2Spump,solana,2,False,0,False,0,True,9808,
medium,70.0,xr6TRFpam3hf28iuMqRMpCXu15G8TYz4Wsj4vTapump,solana,2,False,0,False,0,True,7151,
medium,70.0,G75caA4mtjpDns3fX8ja4Nj8ZiV6x8hh8e51sjVKpump,solana,2,False,0,False,0,True,7542,
medium,70.0,7PUABzBAn1rGKaaKwhfetgkuwf2ghrEETaEBKswpump,solana,2,False,0,False,0,True,8422,
medium,70.0,9EnydDKQL2KeE4Eq9FcWuDMpaBs8q4iyt2MPayWSpump,solana,2,False,0,False,0,True,4796,
medium,70.0,Yr8CsFhUBsRxeTcGcKmzxMSJMAfWtMaadyoj1JApump,solana,2,False,0,False,0,True,8368,
medium,70.0,8cQynx5ZaJKwdHsuXmSn3Y16RXta7ZTyTS1hW55Gpump,solana,2,False,0,False,0,True,8304,
medium,70.0,23Fg93TH9qnhMuTL4zTqZAYTsMztieA9bhWUixu3pump,solana,2,False,0,False,0,True,9502,
medium,70.0,Gtj3QCZgZNbqzpqQVKzpakgAbTEwPt6LdiLjWYNZpump,solana,2,False,0,False,0,True,7231,
medium,70.0,9LjLmk78kDbpsR18kYcdbEJe9yWALwkkSWaXA76Epump,solana,2,False,0,False,0,True,8080,
medium,70.0,Fzpo8vGJRRB9d8h9hv5FdNuvskTSXc55GGFvNpZupump,solana,2,False,0,False,0,True,8263,
medium,70.0,Hnm13jN2hNuJ4Za1p2Xd7fdyR6pKKDcJibR9NYiXpump,solana,2,False,0,False,0,True,9376,
medium,70.0,EjpYgSJ7FHWjyTNeuDvA4rfdpCP5cnbmfnqNNyyspump,solana,2,False,0,False,0,True,8294,
medium,70.0,733Xr5c3PThmBce5uLSnTzKT4LrAWoGy8tvQvcu8pump,solana,2,False,0,False,0,True,8800,
medium,70.0,85ioZLv1JYA7z8YxAQ7PXeSCFbQWfn7J5L1ftbxQpump,solana,2,False,0,False,0,True,5808,
medium,70.0,FfHh87LEFAd9BdrDE4dMwbUEjUV1GkJqVGExUkoMpump,solana,2,False,0,False,0,True,8314,
medium,70.0,H6pjM2K8A4R5FvGZqPijLMkxEqCu8K7WiRbzymLSpump,solana,2,False,0,False,0,True,9997,
medium,70.0,Aj9UZQTevreQfzm9VCQuqzjkUG7qeCov5xYjVY2kpump,solana,2,False,0,False,0,True,7502,
medium,70.0,BsyJvHG7UxTJmBaBy45pMLWx9ZyDTkvSeN3rwpYVpump,solana,2,False,0,False,0,True,9105,
medium,70.0,BxADEtdwTB2xmUJmmJtNEro3UPBfpd5iQkg2Dmwepump,solana,2,False,0,False,0,True,9988,
medium,70.0,2Zwa3HKmVd1h7T7gUiwdr1ZSCrgfxxXv2tLTWovgpump,solana,2,False,0,False,0,True,9191,
medium,70.0,b8mCYh9psBHCw5L5YZZTJgRuVcaDBd1zZD8TK1Cpump,solana,2,False,0,False,0,True,8455,
medium,70.0,2Y3Rx35XGevMyBax5PiHQxr5SoAFoPzHTjFuzKz8pump,solana,2,False,0,False,0,True,8509,
medium,70.0,BdK29uErfjYm6CqifEmdDijwhaQQk2z3vNiQ9h3m9tya,solana,2,False,0,False,0,True,9378,
medium,70.0,Egs8S3cnfyYHBHiczH5d6v2Xj47AiSaD8gXm9xLkBAGS,solana,2,False,0,False,0,True,5988,
medium,70.0,HfVnabiJCByE8ko6DWZvKKLUKMVRVs2chTKUeyEqpump,solana,2,False,0,False,0,True,7487,
medium,70.0,9iGZQZ2d4Xbhif8ZrjxCJvqf42Uki7avmoao3uaeKJMg,solana,2,False,0,False,0,True,9864,
medium,70.0,GeJVqzGBDhCDQqJnpXbqAdBvzK1aWTR6pMjA2Dyspump,solana,2,False,0,False,0,True,9286,
medium,70.0,BP8xvhTXJKWwNNwgc4TAhM5tWcLx4pEVRTFUr8dpump,solana,2,False,0,False,0,True,9131,
medium,70.0,Fv73EXJBRfctJzLVC3P7uQP6er6JU8b4KtDr4LQFpump,solana,2,False,0,False,0,True,7351,
medium,70.0,2y1j2t2P3Mv2KXM5bKoaiwWMPJSaGyEFVct79LNmpump,solana,2,False,0,False,0,True,9855,
medium,70.0,F6LUj3AnDMwLs9Sq5U2R1oAiPeG4PMcJK73KqoXUpump,solana,2,False,0,False,0,True,9338,
medium,70.0,ACbRrERR5GJnADhLhhanxrDCXJzGhyF64SKihbzBpump,solana,2,False,0,False,0,True,7881,
medium,70.0,CqvyYjAFWE6pUK9WqfXcmvs4ptUfJcGj5BqdbEBFpump,solana,2,False,0,False,0,True,9535,
medium,70.0,5XgpGK83mxVdcGuZxv7My99ZmuSzdJo4noLaaD4bpump,solana,2,False,0,False,0,True,5661,
medium,70.0,4RLfE2WPLj6JrUNnDv3gFsKbmQMcTVgmx92fUwrdBAGS,solana,2,False,0,False,0,True,9609,
medium,70.0,FDEF2U9geiWS7sdGPCUo2r1wGswkJr2mmVTECiH6pump,solana,2,False,0,False,0,True,4098,
medium,70.0,BdcN1VqPMidszdJopVPzLXrkBEzekswK2UnhgUcKpump,solana,2,False,0,False,0,True,9980,
medium,70.0,ZYtQxEH4Gyh9u9R213dqnJHGCAHe2e8nrA2BUAspump,solana,2,False,0,False,0,True,8652,
medium,70.0,FJbgkf8kcpiAfkeEqWd9bLhkebbeiRwowFsc7UXvpump,solana,2,False,0,False,0,True,8164,
medium,70.0,5vf7gwu4YM4J8b1LbnjH7RYZwruDtTAoJiNvetvUpump,solana,2,False,0,False,0,True,9963,
medium,70.0,FUaEFkijjZ1rsK2S3pNQr5JirJhypN3E5mHKeTHWbonk,solana,2,False,0,False,0,True,9914,
medium,70.0,ERYH7V18RFsXhq7XGbojkpamb5dw6Qyto4kd1Ripump,solana,2,False,0,False,0,True,8852,
medium,70.0,463vBSJt4CurDqEnojG3ykMy3Lf9GQF2hFV27JeZpump,solana,2,False,0,False,0,True,5186,
medium,70.0,Hcn43x1SnXZrRD9f6tuzv94qT51QoRHhaG7ALK7wMGF,solana,2,False,0,False,0,True,8958,
medium,70.0,29hi58fwa8pdrNCygfmcHECBkaYqct2dRimtrX2upump,solana,2,False,0,False,0,True,8992,
medium,70.0,6UeuWkKNpNw1Nj9X3WmzYwjZ5ExxRWWuPbCgQnJzbonk,solana,2,False,0,False,0,True,9380,
medium,70.0,FvbZG7ApFyjM9tq4waRpANCws2qqPZCfb46qMqTDYtLw,solana,2,False,0,False,0,True,7704,
medium,70.0,BMwEAXDkTPsqdGcVjXKSTwYoRtSrX99hk2qvc9pZpump,solana,2,False,0,False,0,True,6179,
medium,70.0,U9PwfFkCamjjC1hWkD3CUZ6swZavPSp1NcxHjQDpump,solana,2,False,0,False,0,True,6857,
medium,70.0,DxiYSR3KTArNUyQWSXJKAxbu73NUKds64EG9dQNEpump,solana,2,False,0,False,0,True,8661,
medium,70.0,14HxFS6yxquojf7q2fg8fuSzDeLtLi9wD9bXRuDAbonk,solana,2,False,0,False,0,True,6591,
medium,70.0,4pTN87RQi7Bt7yzU3CFk6FDiD8BYbH2dFYPwsAfjBAGS,solana,2,False,0,False,0,True,6710,
medium,70.0,7woPKwozDM1mFeJAiJcEU8Fd3CvbYXVfwnC3W56RndFi,solana,2,False,0,False,0,True,7327,
medium,70.0,J7CSUzsM2VfBUaeaer5aGVVLzzUoizBWF1vQX2NLpump,solana,2,False,0,False,0,True,6421,
medium,70.0,9am6SZQqUM5hMomurts3iuUQULEwqsSEdQSkVc9Vpump,solana,2,False,0,False,0,True,9086,
medium,70.0,6jktmPBMDgdzzHUQL6R9BUu9BY96qH2PxRtuqG3PZSFY,solana,2,False,0,False,0,True,8343,
medium,70.0,3rHKk548vhsKHHHdX4nQJ85qCpquzSdxwf9oHCvdpump,solana,2,False,0,False,0,True,10159,
medium,70.0,cFXwo8FqJxZeYNwrUf5xSABJZoCHnrtKiS7DaFyCoiN,solana,2,False,0,False,0,True,8715,
medium,70.0,ExK9kCCdK6hJGrabnaq9upUah6uZ1QNv9VrvDkEupump,solana,2,False,0,False,0,True,8689,
medium,70.0,7igth4c6og8kQtdEYT7fxDGmbod7HVrofQJur5Fqpump,solana,2,False,0,False,0,True,9908,
medium,70.0,2QtpuQU7xYRXEubkf7aWztzbkoZDu2LogRTYNMR2pump,solana,2,False,0,False,0,True,9068,
medium,70.0,218GvpbMt91iGnwxiAfhwP2dc9giBaKi25JLoUADpump,solana,2,False,0,False,0,True,4325,
medium,70.0,5efQfRqBwYDob34CdeYyxnYAhPLKk4Y1Dy3FFNV2C777,solana,2,False,0,False,0,True,7019,
medium,70.0,Pn2C81NENQJ1TFnw37x9H21yhLcyNsnVdkucQjDpump,solana,2,False,0,False,0,True,9809,
medium,70.0,rWqaZ3KaJaiKtVEQo4nuEsxKKr2tHtoeYMf1vVveDjS,solana,2,False,0,False,0,True,7213,
medium,70.0,7nsbGjYk85fkDk1uNFqVCyLZYtXxiZoLZncfLLC7pump,solana,2,False,0,False,0,True,9543,
medium,70.0,FsZgW2kzAgDQQd7PGHGQiD79gZC4UWTzRVzTFWiZpump,solana,2,False,0,False,0,True,9767,
medium,70.0,D25bi7oHQjqkVrzbfuM6k2gzVNHTSpBLhtakDCzCCDUB,solana,2,False,0,False,0,True,7564,
medium,70.0,EQASBjej7mAM1pDYg1x3QcCQTmXegbEeumk66Gtipump,solana,2,False,0,False,0,True,9666,
medium,70.0,5b6APSxi45LoARCaPKDeE7z6DCG3cBrCtcKMq4kMpump,solana,2,False,0,False,0,True,9701,
medium,70.0,HM1qfMccuwNsjPTLUY4bHiYF3bSYzn65hZ5vH1P2MiLL,solana,2,False,0,False,0,True,7943,
medium,70.0,9Xw3areGS4XkLi16WJWTSdvLXxvv57An9czTwZBfpump,solana,2,False,0,False,0,True,7858,
medium,70.0,F8nWrsDrgk2sANrHjmryGf98gBkLoyAumATc3HLVoH1D,solana,2,False,0,False,0,True,9708,
medium,70.0,VC5nK5vv3UKqEGcipf4cS3qLVHsQN9Qw4BErNXbmaxi,solana,2,False,0,False,0,True,9938,
medium,70.0,7doC787yS9xCGQCd5z9FBB67SqWj2DZU2VBwh4G3pump,solana,2,False,0,False,0,True,9431,
medium,70.0,HhJ5gsWi1nvDFza5MNxNvjjx6bsx1mPUdRvpMCtzL777,solana,2,False,0,False,0,True,9985,
medium,70.0,5zkoYGaDaQRMKx8QZ8fTPYRYtsNSW9p3wVZ4qsUxD777,solana,2,False,0,False,0,True,9629,
medium,70.0,Ey3XV7Cw3tE4dUXoFC4zoNujRXN7u7dBf21vsZFcbonk,solana,2,False,0,False,0,True,9093,
medium,70.0,FvemkE2rFrsk1Mr1tq7dXk44pdh6nmGN9X8LAxVRpump,solana,2,False,0,False,0,True,9204,
medium,70.0,6LQbQrA2aNDxKTgFZCBoYDjdYaPV83EwfMWGNp1TBAGS,solana,2,False,0,False,0,True,8672,
medium,70.0,fobQwFRq5M8TfLTCwzoeAUJzaeCub25jALpEsRdpump,solana,2,False,0,False,0,True,9688,
medium,70.0,26bq9wxGUyVRQWNbviGhppMSCEqqK2PksNMAm1cnpump,solana,2,False,0,False,0,True,7953,
medium,70.0,6kj8JwRRLVuL6E5y7Tm4zbe3vTPatwyjRhjGPNhmpump,solana,2,False,0,False,0,True,10092,
medium,70.0,WrDdotwWLhEB8WCr2z66QCyMBhjkohTLL6tm7zaxjeD,solana,2,False,0,False,0,True,4577,
medium,70.0,C5jVbtkQBPq2Pophte1s3hkRnEvawtQ5Cv922MEipump,solana,2,False,0,False,0,True,9893,
medium,70.0,GB5N5QEg4sEnnft58k8MTvcb6Pmmqo3hX5nTvzeGpump,solana,2,False,0,False,0,True,9396,
medium,70.0,6Hi2PPiqkwYBY2vxbn1oasbTknvsWRZvNL3PjKZnpump,solana,2,False,0,False,0,True,6475,
medium,70.0,76DnkLw7i9X8HvZb4cvFwA1GXYhthp2GLownMr6ppump,solana,2,False,0,False,0,True,9819,
medium,70.0,98grnXKE6oaymTBUnhkurXzXUYfFbkzzzVwEzFxSpump,solana,2,False,0,False,0,True,10058,
medium,70.0,CH29CmCw1HK5ennwEFu7RGbbguUWwno81zxk9S5pump,solana,2,False,0,False,0,True,8578,
medium,70.0,32nNtYR8h8rRBKv8JQd2PM1XroBh8rQica5JWmgpBAGS,solana,2,False,0,False,0,True,6370,
medium,70.0,NJxAmP4tJZyRVaU5i2jG2ZmfguXzDjCQ67ZqRyBh111,solana,2,False,0,False,0,True,7966,
medium,70.0,DHbCYJKeRG7pinC1fegevivpdU4aUPGeFyoeogCQpump,solana,2,False,0,False,0,True,8612,
medium,70.0,VXiDqL7EHGM5LzZSbjZXTcdoCkJuW7ZUdULqVB2bonk,solana,2,False,0,False,0,True,9901,
medium,70.0,Db52jaicKYiddqnxkTRKB67wExFb2UrRNmNnzQkVPump,solana,2,False,0,False,0,True,7385,
medium,70.0,BVPVnNJ7AjYscfdJrUPV7P6XFEkVDo1YnJMin7YoBAGS,solana,2,False,0,False,0,True,9008,
medium,70.0,4QXpkiK31rKGCnYWyMzTJHJfTfs2iuAfqEGxCR5uBAGS,solana,2,False,0,False,0,True,8741,
medium,70.0,88uWePLqqR6RRYZSio3zzbUQesDF8rzefkqV2ZJ1BAGS,solana,2,False,0,False,0,True,6775,
medium,70.0,BwjHqV4t1q9A64QMfCJXMaPn9dwnqDfjZqoHNL5aBAGS,solana,2,False,0,False,0,True,9254,
medium,70.0,ANy9HNZh1ELVZPptAUQ3K7V2jWArYnHnAsw77zcJpump,solana,2,False,0,False,0,True,10144,
medium,70.0,5V1HCmgWNR4FdJmhy5ny2kdxsoB2NPrV9LX4d3GXpump,solana,2,False,0,False,0,True,9117,
medium,70.0,H9ruWiJAR9pMC8gZpKTpPUn1TWhDK68cEJy7tVcN61jD,solana,2,False,0,False,0,True,9633,
medium,70.0,9hStzhJie5w3NqGDFRz59kRnw4Psf2mWSkYhe5eapump,solana,2,False,0,False,0,True,9978,
medium,70.0,J4GATmFy9rZtqfLoLTYY9afNQd4T71uLRKuxAu63pump,solana,2,False,0,False,0,True,8085,
medium,70.0,F5tmwnE8QZZnnYXYa9P3vvStv3eSscqLeDMpuTCrpump,solana,2,False,0,False,0,True,8487,
medium,70.0,DHuHRLNcFB9UfiaAYzSMFiQpLzXBFN9cCgvxuUg8vPZE,solana,2,False,0,False,0,True,9294,
medium,70.0,HJr7r4rccPYUAGKmu8Pb1rKZPNpEghUDtbgQRJurpump,solana,2,False,0,False,0,True,9532,
medium,70.0,5smDivtvbpStucJEb3rpqBaaq8iMqnf6nc7C8h4Bpump,solana,2,False,0,False,0,True,9887,
medium,70.0,EfJgtHAyfpDRVnnyc3arLKpdf75Bm3xttA8wnRqBpump,solana,2,False,0,False,0,True,9954,
medium,70.0,AYdYfG4zSSTKN6dHqaB7fXXZWwh8QwHzejTtaLi3pump,solana,2,False,0,False,0,True,9326,
medium,70.0,FgPLZQLqWmivVbsfm7Wwth75Vtfi3zDfJnwLjRPYcqcZ,solana,2,False,0,False,0,True,8978,
medium,70.0,A6TLrvDAzVwuVzRom4brG5URF4HrgiqmwydHzrqMpump,solana,2,False,0,False,0,True,9253,
medium,70.0,XbKWBmYo8GTRmLjf4qNCvLNZeDFKzVLvkEawVrypump,solana,2,False,0,False,0,True,9285,
medium,70.0,5YkBTSHGFafaJuAqpB9h3Nuid5kSVrwUg3Ys3PmcbPE,solana,2,False,0,False,0,True,10067,
medium,70.0,GGNP1Gf6kewF6sTvnD1zssbuiwxmsHoxRcjCayZspump,solana,2,False,0,False,0,True,8730,
medium,70.0,58SBP69t9DfWrUiwW9t5iBgy3MmJzRDxjYmQTaXyP7Jh,solana,2,False,0,False,0,True,9823,
medium,70.0,HHxGTfXuv5hL1b1k8FWf4jrafBjs2VLdi6KjrBhPpump,solana,2,False,0,False,0,True,9773,
medium,70.0,48Yi53Mw21XvnPYfU2a4WZqGPDu67XQWhikgNHhSBAGS,solana,2,False,0,False,0,True,7071,
medium,70.0,T1Hf5w9772oCkp8cnhoSdKdfjsKieVGEnDuNJeEpump,solana,2,False,0,False,0,True,8522,
medium,70.0,917JFJT2cAW2r5tX92EiNRbQPuU5gb54q5o4Ad61pump,solana,2,False,0,False,0,True,9103,
medium,70.0,8J4oASLBU8WdTgeRP4wiucCH4Cpn272R47W9JmduBAGS,solana,2,False,0,False,0,True,8072,
medium,70.0,AuH3dMUG5DYK471EtJDPPh9ytX9n68efUZi1cUunWR1r,solana,2,False,0,False,0,True,8983,
medium,70.0,5Q1Gwj6Q3QV8F1RbmwaoCaJLak3eAC4RxwiJABZxbonk,solana,2,False,0,False,0,True,9405,
medium,70.0,Ddt3SAUc7kPcUM23BiVqVnkbQJDL9LyWNUE31Rjxpump,solana,2,False,0,False,0,True,8960,
medium,70.0,2kBaWJjNf2XiEWjg4qhWtTXoVN5EvJAvZPv8vyWB8A4M,solana,2,False,0,False,0,True,8814,
medium,70.0,2dMHTBnkSPRNqasqwpPfK4wwPxNdgmb1LhrbJ8vGjups,solana,2,False,0,False,0,True,5432,
medium,70.0,HDbQ3c7ynSZKfg1UXhx2nNBwL3Phf9kNEbFEyZFrpump,solana,2,False,0,False,0,True,10074,
medium,70.0,AXAEjYZYMitWgXw6xy5zfCeQ2UvsViShmMgxL1Bfpump,solana,2,False,0,False,0,True,9474,
medium,70.0,9Enb2cGtfYyAjCQedPUYd6Hfq2gkqzKH114KkDRZpump,solana,2,False,0,False,0,True,7483,
medium,70.0,DqKym6x8pGN35evcEdZSYtvGwyBkhuvxAp36nN2qbonk,solana,2,False,0,False,0,True,9180,
medium,70.0,FkHRbb5EUNEQxCjPySRV2ejWauZYFwC3yXneU83cS6V1,solana,2,False,0,False,0,True,9755,
medium,70.0,5WRnnntsH6DVTwz3uzDFS5W6hhosYL3TsBZeV9Nybonk,solana,2,False,0,False,0,True,9617,
medium,70.0,GbzLdAPEJU3fLtSvkPxo8U6pHFhjpACiPWMSv69Mbonk,solana,2,False,0,False,0,True,7437,
medium,70.0,5x5SWAsiaDxpfGhgXHYSoLvQ3HJhkdQJxqtg1FhFbonk,solana,2,False,0,False,0,True,8564,
medium,70.0,a4WcyMS183n6anrtQ5r9i4YVX2VuT7b2h3NywnEBAGS,solana,2,False,0,False,0,True,4942,
medium,70.0,A8b6B5PxDkhD9JNrPg25fbtALMvme8B1JvoJkYfCbonk,solana,2,False,0,False,0,True,8913,
medium,70.0,H4d1qh5avAiqnwwDR6FNneXaQBP7eKdq1eZC6yEWbonk,solana,2,False,0,False,0,True,9618,
medium,70.0,CY2k3sedfk8x3ejAYFcYp4krzoPvpxk6y8ejRywUbonk,solana,2,False,0,False,0,True,6291,
medium,70.0,CSiLxHNvXKcEgF8S9Ymd23UkXspenuweTepyzaUnbonk,solana,2,False,0,False,0,True,5737,
medium,70.0,2rY6pFwrtFqRFsUZR5QUbjYmJATSsvuWVPQqbcM4bonk,solana,2,False,0,False,0,True,9510,
medium,70.0,FbgKUVrJRAJP4JFmtBThwccTCb6TKdSi28BbPQbrbonk,solana,2,False,0,False,0,True,9679,
medium,70.0,6J5cjSYzohhiq5v8yTnchEcsG8W7DsM8SZaQ2G63bonk,solana,2,False,0,False,0,True,9055,
medium,70.0,7MdF6aSLRaHnnM5L7psNfLnzAZMcxU4HVeXNmorPbonk,solana,2,False,0,False,0,True,9314,
medium,70.0,FHcTwp9EG3x3huWUubpDvD5oJXeyV27iyEaZUpmSbonk,solana,2,False,0,False,0,True,8604,
medium,70.0,CwxXrctZ9cR4RzFy2vzZUcbCgG2TUncwwjS59Bymbonk,solana,2,False,0,False,0,True,6865,
medium,70.0,Bb5BKNzKtkRM9zeEdc5ojkPgYKr5GsuMzBeGktn2bonk,solana,2,False,0,False,0,True,8754,
medium,70.0,GDB8bt9XYjGeuvt1qFmk84K4TqmhSppc3a9HqdHWbonk,solana,2,False,0,False,0,True,9556,
medium,70.0,FD6vGnA4iewV1B6TVo7e6MApusSreE2sBY3LWj5Bbonk,solana,2,False,0,False,0,True,4507,
medium,70.0,CvbYok7aFZJXjBKrWeXsC42ejki5iWm9tSUdSGspbonk,solana,2,False,0,False,0,True,9693,
medium,70.0,8Ejzgzic8ubyoARqXjJX6S2mYkGxiKHJx5rb5feBbonk,solana,2,False,0,False,0,True,6932,
medium,70.0,CFE79emBnGNMtkbYSU39tv9eMH2i7uiVMscaerYxbonk,solana,2,False,0,False,0,True,10058,
medium,70.0,HGL8ceyDesmctaWPjXEStfhtTPtrw8c1WQCPERxRbonk,solana,2,False,0,False,0,True,10039,
medium,70.0,9B1WxNvqrkYwhSdZNxSjF3i2vfbo4gvUEUJ1xFCCbonk,solana,2,False,0,False,0,True,7048,
medium,70.0,5hUL8iHMXcUj9AS7yBErJmmTXyRvbdwwUqbtB2udjups,solana,2,False,0,False,0,True,5226,
medium,70.0,Aodaw2oaWPzcKUkEFMFC2eXUg3VrFnj63Dup4PNgbonk,solana,2,False,0,False,0,True,9757,
medium,70.0,AuRK3tsrbjTNasc7EJ4HSLAJUZqFYLH3Q8A4BsHnbonk,solana,2,False,0,False,0,True,9696,
medium,70.0,9DWvXzsR91Y2EmASbBysFrHqZdMjXahFPzUXL4idbonk,solana,2,False,0,False,0,True,7088,
medium,70.0,8AKBy6SkaerTMWZAad47yQxZnvrEk59DvhcHLHUsbonk,solana,2,False,0,False,0,True,3829,
medium,70.0,F3fCeo9wYRENiFSRpL8uvi2m1XWsdrKpwD3dBgQpbonk,solana,2,False,0,False,0,True,9489,
medium,70.0,9A6AHy9wDL5T77wfWdWRbSmpfzE8Te7z1VXSPD5Ybonk,solana,2,False,0,False,0,True,8742,
medium,70.0,6hNY5ucPXHwECo5UmVvLgBQEZrqNUbTNi7jMfm8dbonk,solana,2,False,0,False,0,True,9845,
medium,70.0,Bk6oLMgBNGJKFCCELjjydMqQ1igunsS7y1ZpDDzGbonk,solana,2,False,0,False,0,True,5765,
medium,70.0,4pfeei8PAepBcWiLeSPmJwSaSdikgSRhCvk1RDKxbonk,solana,2,False,0,False,0,True,8055,
medium,70.0,7ZC4BjM92HboXQPi39ehiueJ8CuDJQxPVMuZtzshbonk,solana,2,False,0,False,0,True,7970,
medium,70.0,4GudzK6GstbS7rphjxQPhudaSL9fJohwM1joyXpmbonk,solana,2,False,0,False,0,True,8127,
medium,70.0,8BMWG24WUuT3WgeYJAoazWqYscLyi4gB5WdxE1vubonk,solana,2,False,0,False,0,True,9999,
medium,70.0,cyMRy2qBFbv6r6epi5TFiWuwANP46bH56iY42zdbonk,solana,2,False,0,False,0,True,8403,
medium,70.0,D9JXMRovgX9hyCAqkQZTvj5Pr3rgZkNCFw8vfhxabonk,solana,2,False,0,False,0,True,7053,
medium,70.0,DYtHi5uNo54QZBeiFBGajZPpaW8wX1qSzaSDRKvSbonk,solana,2,False,0,False,0,True,9420,
medium,70.0,ARLYsWnz3eafecasuzCVghccgo9qRF8DnJ3St1dwbonk,solana,2,False,0,False,0,True,8964,
medium,70.0,GPbVkH7bmxuwM8vKsWVYJ4rW7ErwsNwRoBGho16Sbonk,solana,2,False,0,False,0,True,4342,
medium,70.0,3MrwYcAvGNNtMcHwscSqFQJ3qhMpKwxZCbprYrz1RYWi,solana,2,False,0,False,0,True,5856,
medium,70.0,7TJBcvSYxi35Q3LbEiQsFE5PkVZdBYnua8jKnR4Cbonk,solana,2,False,0,False,0,True,7805,
medium,70.0,Bzx6NPUUSukdSy9jCwsTJFeHwpuZtuh4ffgasb69bonk,solana,2,False,0,False,0,True,9745,
medium,70.0,GxNGdYcXRFSuPJrVsSLgcavKE1E8Jptqvxz4ZR3tbonk,solana,2,False,0,False,0,True,8882,
medium,70.0,mvKXAM1ZMSTRS3t4xUEjvxv2k4j8UMpbquUa3qebonk,solana,2,False,0,False,0,True,7905,
medium,70.0,6b1pp61Pchcjtk3xJaK9CXH84wenpAfeFhaCXCtzZHK9,solana,2,False,0,False,0,True,9977,
medium,70.0,3UofsdJQyTe8PF3HMUR8KEB13wtwGkk4qyAhgLCgbonk,solana,2,False,0,False,0,True,6370,
medium,70.0,HKZQxDqqw1U7MmzEcjc4JocEnZJ75nBKudcKs8xgbonk,solana,2,False,0,False,0,True,9644,
medium,70.0,9AtRdmYjQ4zGz7YBFcJeLEeF3rh464vqCbQLgqB7bonk,solana,2,False,0,False,0,True,9837,
medium,70.0,12XvRbmvA3AY8La3brnQGcMR5HBp7Cn3Fxc5kKiQ86FY,solana,2,False,0,False,0,True,7502,
medium,70.0,4ZVCJdxrbWLWKFFAZqqphyNBUhPE7YpnHWXvFuKkbonk,solana,2,False,0,False,0,True,9680,
medium,70.0,BqyjVnfh4WaTXC23wyNnB8EMhJXUZDqJKvZnNagY9Exp,solana,2,False,0,False,0,True,7546,
medium,70.0,5kx6u1iN3bEUxWboawVS8uK745tBuhxSb8jApcYbonk,solana,2,False,0,False,0,True,9655,
medium,70.0,3pqL1GCZeSszT22SxnViRL3EjDojXKGygWbLnkquRkCm,solana,2,False,0,False,0,True,8621,
medium,70.0,6VLZVUvmzxKk5DgMNaBzgkDTRc1dfCpRm5m6d79nbonk,solana,2,False,0,False,0,True,7793,
medium,70.0,37CK1GDT6y2YXKD3amHLwfkVXPmM1EMYAGmDKXiEbonk,solana,2,False,0,False,0,True,4750,
medium,70.0,7Fpps8uivN4fwKrAxMidQ4gZYrG2yv4WRqUKamEdbonk,solana,2,False,0,False,0,True,9561,
medium,70.0,FT8X8hqoEwNT8UifNL3ppPbpccf7mnuNLpJsszv7AFHW,solana,2,False,0,False,0,True,5343,
medium,70.0,HR5tQiuYn2hohjv3SrYV8HAi7SnW9FnfUXkeu3Utbonk,solana,2,False,0,False,0,True,8462,
medium,70.0,CffTf8NJJ6NNthsGrBDBQ9cZJ21DBenFQXwFs9Mtbonk,solana,2,False,0,False,0,True,6854,
medium,70.0,HhbSmC5Bx8ejJjRwarR1EEwHwurLbw1uwoV1Mx8bonk,solana,2,False,0,False,0,True,8637,
medium,70.0,1marrFjuQnTAwJNdEY59Gqf6ntc1MXWrGLxYKHDbonk,solana,2,False,0,False,0,True,9449,
medium,70.0,DYQmD4Bed1yiWXBdkiWNFYdSPd58vd9kNvFFVpBhbonk,solana,2,False,0,False,0,True,9703,
medium,70.0,Dy8YSeibzxR6xw4QYUPFhqnnycrr3GNJ3Xu4BqV8pump,solana,2,False,0,False,0,True,4722,
medium,70.0,2zyXsUNb5N8D92f6ARyQszWZ3dpC1rEew8iX6QRZpump,solana,2,False,0,False,0,True,8791,
medium,70.0,6MCsPfoAYEZXSR8fPh1YVn6sca9uNrxGtshWLAYibonk,solana,2,False,0,False,0,True,9826,
medium,70.0,6ctAtut8qGaDwgcF8CLKS9sL7Bks6URwu7A3mFHbonk,solana,2,False,0,False,0,True,8994,
medium,70.0,G5H985XeyJG6vAe8WP1V6g23EHiAXH2pnc7FEqQhpump,solana,2,False,0,False,0,True,9831,
medium,70.0,8hqPQbsdamgZwSqk8qDaBhqqJ4LoApGGH8cyn2W3bonk,solana,2,False,0,False,0,True,9727,
medium,70.0,DCbbn5ppAdHW7TA18vxKgXtTuySyuRewJ6kSguGEshoe,solana,2,False,0,False,0,True,9784,
medium,70.0,6gd5ubix2Ubzeup2ycUxSgWVKFTrSugLXFsqhBQRpump,solana,2,False,0,False,0,True,7026,
medium,70.0,HhfyQNANe8DNAgSaMNRAW5GAs6J15PpTNMUpzBbbonk,solana,2,False,0,False,0,True,8221,
medium,70.0,Ei3DQbew9B26dFmp3NiMqfew9YajVj7g2FEPXXtcbonk,solana,2,False,0,False,0,True,9648,
medium,70.0,GUp6rv5emMKS2mSYrYSEVUDSebbNU7Ab6bUFpvuf48nc,solana,2,False,0,False,0,True,8830,
medium,70.0,3oQwNvAfZMuPWjVPC12ukY7RPA9JiGwLod6Pr4Lkpump,solana,2,False,0,False,0,True,6833,
medium,70.0,DRQgixoqPCDW71H97VXS14pH6ZCBwwpxJ8gvoWUKbonk,solana,2,False,0,False,0,True,8104,
medium,70.0,64iL9PFYdJC7GKNmo6PySvMY3KK3XggE1JAUyLQdbonk,solana,2,False,0,False,0,True,4668,
medium,70.0,9Ertjp8ZpBwuEt1xoqz8gAPe6tvLCTkXvJYNqK35bonk,solana,2,False,0,False,0,True,9434,
medium,70.0,5boFfzDWvGpfidQzf8Rhvjo21y2xVrekQuETpbAQpump,solana,2,False,0,False,0,True,8579,
medium,70.0,8kvZ3fAJZcSVKiVqU7PmYv6RxjHnFbTjF5L1GTXDbonk,solana,2,False,0,False,0,True,7319,
medium,70.0,5QCrKkMY4M5HR5GvL8SJxjKz9xtuCC2F7xXqsrTJbonk,solana,2,False,0,False,0,True,7996,
medium,70.0,5XQzW9C64c9vXHe9fSTU9bG4nUvhisNePRGDPgmHbonk,solana,2,False,0,False,0,True,9655,
medium,70.0,5Htub56zFC6gyp4UKKjEb21JTSrWheHbNwbxmXedbonk,solana,2,False,0,False,0,True,8306,
medium,70.0,Fso97GC3pzP3Mu9o1UgMGMQcuNnPeszaqCFCFcmebonk,solana,2,False,0,False,0,True,7063,
medium,70.0,CMKuXfw7dakAqzYAtfEmWBUAnsXUmxQjBAydJUGLbonk,solana,2,False,0,False,0,True,7774,
medium,70.0,6XLSXS1HDXsTbq53onqAUeCqU6fxuMSgu7JkfZ9kbonk,solana,2,False,0,False,0,True,7840,
medium,70.0,Fh4GcNpEhZJvDDdXhUCe7jxzhqQKZk2NGgDY9zjBbonk,solana,2,False,0,False,0,True,3260,
medium,70.0,9S4gfoHfA9Tt7tJka4dqKDRDS42uQDMAQMLDraCb4mfE,solana,2,False,0,False,0,True,6961,
medium,70.0,EeaXB8N5zP1dtrBtJ3e5GWQAWBKbqEgTxivjUEtSbonk,solana,2,False,0,False,0,True,8768,
medium,70.0,P79VPZFfDreHPQVEF9BHZtAipDpviczpcnBXHWspump,solana,2,False,0,False,0,True,4113,
medium,70.0,5zcHcvMhSzo4YjssiZoAmTzVx9JSCCuzwPUdewb1pump,solana,2,False,0,False,0,True,14168,
medium,70.0,C31nWuyWExqvcSyZ6Fieb1SvZPXnSGLdNS44jSzycook,solana,2,False,0,False,0,True,4148,
medium,70.0,5KpPVwUFNtwQwMNTtekQXcQDQTvSgbfgt2teFHWDpump,solana,2,False,0,False,0,True,8911,
medium,70.0,3UZ1iJF26oNafGkeoUVkJn7G9TSNssheG6SnpRGTpump,solana,2,False,0,False,0,True,9419,
medium,70.0,ARiT6wn8okizSb2K9jtGAUMxKJS4ismj3FyswCDcbonk,solana,2,False,0,False,0,True,9411,
medium,70.0,DuLMi6ZuQC8VanFGu9rSxUM4pypVv7K1DViP3jpzbonk,solana,2,False,0,False,0,True,9717,
medium,70.0,9mfqn25C1nMVwn7YjxdJFvvTqichHFf8aR6vzNzPSodh,solana,2,False,0,False,0,True,8446,
medium,70.0,5njL1x2LRKT8AjVNBQiyz1RBm8q7gp8495Zkq16Gpump,solana,2,False,0,False,0,True,5867,
medium,70.0,7FpjuY392qjjY68uJ8mcnFSEWN4E4t58hJmQiveTpump,solana,2,False,0,False,0,True,8250,
medium,70.0,B1bY1U7KYLhj9iSEBCjpAMQB77taEndFSwwBbqRrpump,solana,2,False,0,False,0,True,6208,
medium,70.0,88RAYSgYYLyBNLN2K5KnRCykojMEwoCuu8UQAacvpump,solana,2,False,0,False,0,True,2046,
medium,70.0,BmyWgqrAn4JsUpjH78pFyz1XJz5CdbiDr71ENjxqbonk,solana,2,False,0,False,0,True,2112,
medium,70.0,2Rg81u12pFFj3aWm6jH3UBFWtKLfx2dKrZ2KNYdSbonk,solana,2,False,0,False,0,True,2625,
medium,70.0,HakFiadnxPvQXste11NvuxWP2L5LaKArmh2LNG5apump,solana,2,False,0,False,0,True,4137,
medium,70.0,BNgHubKnMSvPJMpDr8zg9wbvxwmMdWxiPsYzS388moon,solana,2,False,0,False,0,True,4617,
medium,70.0,CiiwWPxzvCQRTLPtvoGNqbNM5qFtR4aMKvZfYVoTEmDj,solana,2,False,0,False,0,True,6157,
medium,70.0,9AgTccePC4WyQQwJu9GYqAVUKyUyh1prgzkacMaCpump,solana,2,False,0,False,0,True,3128,
medium,70.0,89vCTYYYNCz7Gj8bW5Aykxq67KSWf7E6m9bTYtWsZjfT,solana,2,False,0,False,0,True,4569,
medium,70.0,8WNzazee7WbPLDHi47vt3CdXVNXJnigLjBMmGmXgpump,solana,2,False,0,False,0,True,2284,
medium,70.0,8YotY9gaDWVHLQJ5RLFVo591ri8PBj9VThfqMtTDmoon,solana,2,False,0,False,0,True,4887,
medium,70.0,JAsASQ6oM7nQmRZQuHUrg81NooZusstEv7Ynxoagpump,solana,2,False,0,False,0,True,4607,
medium,70.0,HymDutkgEgZiUATmo8RPb9A7kwGNb4GquYvHoZ28pump,solana,2,False,0,False,0,True,3612,
medium,70.0,51vcXa4JE1kPwPjNAvsnaW2imoU5cGcVHFsrba1Apump,solana,2,False,0,False,0,True,4939,
medium,70.0,DPuAvG24EvSx95RKefEymrD1CfsHP2qGnnbfaqpb2jdg,solana,2,False,0,False,0,True,4326,
medium,70.0,Cpzvdx6pppc9TNArsGsqgShCsKC9NCCjA2gtzHvUpump,solana,2,False,0,False,0,True,2550,
medium,70.0,CWDriFBrqoCu4vjtRJBgrhuDJ2nJyaLFmpuvUNvqpump,solana,2,False,0,False,0,True,4055,
medium,70.0,5XNQ3arohiehCHSoU4tN6ds2xktwAtiQu7RVoKf7VP8Q,solana,2,False,0,False,0,True,3090,
medium,70.0,HQmiWghwE1JENkepARDRTNVcvqUgGQF11bjuQyCDpump,solana,2,False,0,False,0,True,3356,
medium,70.0,GkjnTxpAUtUa7zuMHWwZSTwu4Wx5LCbkqiTkEjNYpump,solana,2,False,0,False,0,True,4766,
medium,70.0,6KN9cf5TrHQyHgg2m2kfDS7FwBjxxwFgNU9wJox6yDUB,solana,2,False,0,False,0,True,3691,
medium,70.0,3qjbiGovYHBqRTEF82yng5cEt9zJt1Q6B3AMY8TKpump,solana,2,False,0,False,0,True,1806,
medium,70.0,4KwPpt3sGSX8GRHiRH8VdphosT5tkAKUngEkZdYcpump,solana,2,False,0,False,0,True,4631,
medium,70.0,CFe6GdRrcy4ZfSZaNbwyCvckzmTCUvhCKZUCxYZn7EYQ,solana,2,False,0,False,0,True,4894,
medium,70.0,6PHhkb9GNDTp6tsfr9EsZvJjyssxn8yi4HpPnqNvpump,solana,2,False,0,False,0,True,2993,
medium,70.0,6jke7C1BgiPPqoCXHrbvYrp7R872CSYbRnq3jp7Jpump,solana,2,False,0,False,0,True,4337,
medium,70.0,F9rND8bg5pSfWepvgoDvuJimeKFThxFW3VWP8d2Vpump,solana,2,False,0,False,0,True,3114,
medium,70.0,6XRdHyrKH9DX1EA9CqhVPXch3cz8LHxN2Rv5E6HKbonk,solana,2,False,0,False,0,True,3253,
medium,70.0,BRhrQ7VnsjpN4EDSP4JW6wYJfeVthRoGTAietK2Dpump,solana,2,False,0,False,0,True,4960,
medium,70.0,GNeXbKnKuVRL6nYQP59GHXcsBjL5pR4b2tM3zVYVpump,solana,2,False,0,False,0,True,2587,
medium,70.0,FiXj8J45Hh2e357bfaVVUSW3kqmpAEemdapRQNxBpump,solana,2,False,0,False,0,True,4457,
medium,70.0,XS7rTspJFwHb2Yh1Zov28vVmw6giX5YLtwpdovKpump,solana,2,False,0,False,0,True,4944,
medium,70.0,AtjqR1z3DujjmD4AoELTGSiK3ogYu7ZNKz2MuWcmpump,solana,2,False,0,False,0,True,3610,
medium,70.0,7BbhpEUiwByqBmdbJmCufM5PE4soxtzFHQ68KAW7pump,solana,2,False,0,False,0,True,4675,
medium,70.0,FhNReAp2WrW5ty94jpX6xP95vMEo4Dp8Q98LTNohrno4,solana,2,False,0,False,0,True,3193,
medium,70.0,Bngnm82vBt6HKkVyhnUq5rwCmJ1zYqS7D1DLrr2ipump,solana,2,False,0,False,0,True,2240,
medium,70.0,3WzaZwVmjr3JMWKknJtnEn3R4kaX9pVkwQJmC9fxpump,solana,2,False,0,False,0,True,2831,
medium,70.0,yHxtomrUdwb5ia2Rb5KRnKm7j93sYh8iRYEdmmzpump,solana,2,False,0,False,0,True,3387,
medium,70.0,HGZtxYWjCTNSnFPTyRNbasa8tBVQn7TuEsiYz3LTJ97C,solana,2,False,0,False,0,True,3458,
medium,70.0,F3wrzLzShoSAbBCvFMWvQ8cXQgG1QJU4eMg1yxDdpump,solana,2,False,0,False,0,True,4935,
medium,70.0,BPhtSt3fXqL31hhwbX52iuhR9vSjoLFPVcMQCXfCUhXs,solana,2,False,0,False,0,True,3292,
medium,70.0,AShHmx5meCMSN9VMxVkcMUunnkw9zWeibSPYFRy5d3vU,solana,2,False,0,False,0,True,4148,
medium,70.0,DsDAaXp6WHmbBUkeesAN1iMUwkUDmWUFE9GtQAxGpump,solana,2,False,0,False,0,True,4775,
medium,70.0,FfutyQkkA1xbv3f9sxiw3HneXHPecBVHoihbAemKpump,solana,2,False,0,False,0,True,4896,
medium,70.0,EvymqT9qbWuXcJkXLHgdwdL3Dvt8koLNxAQMsd2ipump,solana,2,False,0,False,0,True,4459,
medium,70.0,ESMhjJ3GHMLw9vu3PvuvgSZXVLPKoZ6CYs71LgYGpump,solana,2,False,0,False,0,True,3718,
medium,70.0,GE4hByRXRApcQnSUmDM9PYLXQseuz1AjszJKKTKCwZbH,solana,2,False,0,False,0,True,3781,
medium,70.0,fHUNprW7aSQadmPXFt4YyQUwv4VNua3VXZmeNxqpump,solana,2,False,0,False,0,True,3602,
medium,70.0,CjnPC1nwUmcypmMmG7SPc3apg1sU5qupxdbzt6eapump,solana,2,False,0,False,0,True,4354,
medium,70.0,bngh6ZAWP3WH9tM24y4aZXHzLK6UgLjSdBPqVEqpump,solana,2,False,0,False,0,True,2815,
medium,70.0,4JbAmb23ziB1gTYxkcaqqonwr18yqMtYh7uqDbKZpump,solana,2,False,0,False,0,True,2666,
medium,70.0,4Tt6siivnSEjLQCKATp96BUQh2uwCyEVS3e57erNpump,solana,2,False,0,False,0,True,2886,
medium,70.0,HGXgk6bqPSCSgoQSae4sTi1dguoTnC6gKzX17aU4dBLV,solana,2,False,0,False,0,True,2884,
medium,70.0,J2Wyg3EYMmPgUp6q54GZvs6MpcJrYE1iVdUxPqghpump,solana,2,False,0,False,0,True,4211,
medium,70.0,EFcfCEwKPxNn8qcurpywCHv4QkVzed3eBBJEGLWWpump,solana,2,False,0,False,0,True,4231,
medium,70.0,7w2QKFvxjrt7dgzcmNEDc6C8XnEHyGh4FACACJyqpump,solana,2,False,0,False,0,True,4799,
medium,70.0,H2b9hrK6YMoSRWzwiyuT6tpCh6i78mHv7kursCSpump,solana,2,False,0,False,0,True,4697,
medium,70.0,E4qKf8GgVVmmqSnHGbqx2jsJp2KCa9XJNcndFiCEpump,solana,2,False,0,False,0,True,4187,
medium,70.0,J4T2M1fY7DYLjjy2XoiFb3qyW8JomuzwQS5DCzSwpump,solana,2,False,0,False,0,True,4806,
medium,70.0,HHo99BghDZwxTxYUUCuw2w8rkVVRgMC46kD1QmSLpump,solana,2,False,0,False,0,True,3816,
medium,70.0,9kJkpkTLNYXEQ4ckosevNtQYv2zsyfedfbpPqQAKpump,solana,2,False,0,False,0,True,4846,
medium,70.0,8rKkYSUHCw87AKZxd11EbqLrf9BKeAh4rYZavGXZpump,solana,2,False,0,False,0,True,4776,
medium,70.0,BtQ8RZyweNSr5knkSbvXVGuoyWacky5a3AH4Go1ppump,solana,2,False,0,False,0,True,4315,
medium,70.0,rumwqxXmjKAmSdkfkc5qDpHTpETYJRyXY22DWYUmWDt,solana,2,False,0,False,0,True,4893,
medium,70.0,AVvG6g3USw5rHg1t89SzC9ehHMbyjdkwiPWvh24pump,solana,2,False,0,False,0,True,4773,
medium,70.0,HDYo4SKRFCo4q1gunF45UoPufZAayPJy2wVJtabppump,solana,2,False,0,False,0,True,4645,
medium,70.0,BbaJejwmLPReJGvsiMvDjpHKwed6Qw9n7wUWvYvUpump,solana,2,False,0,False,0,True,4986,
medium,70.0,9jddUwgWJ2EVgAjWN1nRPRM81PmAa8AeJXRrUpXapump,solana,2,False,0,False,0,True,2807,
medium,70.0,6SL9MD38M3eG85MkGmApJGW8U9WiehkSQ259wWoajo1s,solana,2,False,0,False,0,True,3329,
medium,70.0,GNNgGdaS4wcCeBNt6xTdhR97hyabwCdyowiAN6TUpump,solana,2,False,0,False,0,True,4941,
medium,70.0,96FBiE8ca1pjsTB5Zg5cNh7pZmyRrv1kB186c8sCpump,solana,2,False,0,False,0,True,4876,
medium,70.0,8fLJCxZiMDd4e5wsXAGWEDdX7q2UgdW7EKeQU7jypump,solana,2,False,0,False,0,True,1931,
medium,70.0,FbbVfCKbmedGJqkpkhsqZXfKdoHDUou9DUkCm911bonk,solana,2,False,0,False,0,True,4753,
medium,70.0,4X2uNTWfSEu5YdtPzqorFGcu5VXBu62nfYv2ys8wpump,solana,2,False,0,False,0,True,4390,
medium,70.0,EXqaGaXgxzkxbs4aQkoQqmuZGecUyp9iEuHuEV8tpump,solana,2,False,0,False,0,True,5014,
medium,70.0,9gv9j2yLYd3PFgWaNM2K9cAipvQ2i2138WMiJuSwpump,solana,2,False,0,False,0,True,4814,
medium,70.0,CGQzLofhtcLHR4uyGF2SVBEGiBiuw1s6fV6sZdWkpump,solana,2,False,0,False,0,True,4751,
medium,70.0,8a7TZW6eRzR9bA2FBennD5TpAA1uCb7pNEqD8g5pump,solana,2,False,0,False,0,True,4990,
medium,70.0,B45FhPi6d7UR66TGLpQ3EPnWhGfzdGVkCKNp9neR5Cxt,solana,2,False,0,False,0,True,2346,
medium,70.0,HCex8jt5kwncFcmcr2xeiR2Hh4tkMK5rFx4pTeUHpump,solana,2,False,0,False,0,True,4428,
medium,70.0,x6937gNzvALyBRz3pjfQskhUPhq7y3JETyL8aSNpump,solana,2,False,0,False,0,True,4600,
medium,70.0,VCmDHrLW9FXh9RhAqqvsbFsht3cd2uuZFmaG2KGpGZR,solana,2,False,0,False,0,True,4537,
medium,70.0,CsAha8EJPuYqF6mZudvKgz5Jx826Mof114Y3gbvqhTrv,solana,2,False,0,False,0,True,4836,
medium,70.0,5BQGZRjRXK5wtF44SKEx8dE5P8zGUZx4z9iJu3gPpump,solana,2,False,0,False,0,True,4817,
medium,70.0,FzNYEEKgRppHbZf9yHLdP9W5j2X6nAvJzd6Lhy7spump,solana,2,False,0,False,0,True,4080,
medium,70.0,gyAzkjLg2QpfF8vYTX1QWrqgbKUcf9kdNW5VAHhpump,solana,2,False,0,False,0,True,1991,
medium,70.0,AsiNybFogE3LaUpKtmLyK6TWNcfg67QKmAoHvKkMpump,solana,2,False,0,False,0,True,4738,
medium,70.0,Gi9yTWfVufagHt7go4oTgvZDM3B8qVvjidxexK7Rpump,solana,2,False,0,False,0,True,4891,
medium,70.0,BZb61Ad2PPogyY8GsMFjv8NFCXkTnjJFGAMvtnWUpump,solana,2,False,0,False,0,True,1869,
medium,70.0,9QaDg3sm1fH4f451CEBKScfpcmKtkVJDcZ2dyJwc9dVe,solana,2,False,0,False,0,True,4903,
medium,70.0,6tgsrWjR6EKfRrrmd92SpdHGRX9xKb6Dpbi2hiVrbonk,solana,2,False,0,False,0,True,4864,
medium,70.0,5GLRs8nZaqLjcbL1kYWttNJJ9q9LUWoMbLqnpGeSRpxy,solana,2,False,0,False,0,True,4388,
medium,70.0,GNkNqLKEsyNwgyXVAUZBesbNKccHQDKCKJyxEqRcpump,solana,2,False,0,False,0,True,4932,
medium,70.0,68pC7Zgqm6G6SKo9QXQHNLoMaJU2KV1ed6p6Uo3gbonk,solana,2,False,0,False,0,True,4737,
medium,70.0,BjEwzJ3MfSaJmAQd1PTDbqNVYXmDReYedL1cmMxubonk,solana,2,False,0,False,0,True,4485,
medium,70.0,9bDMZXro5KLeMUwxTGCXXkTYVZuhkB64kD7ExtDpbonk,solana,2,False,0,False,0,True,4266,
medium,70.0,5sxrEgWE69opCRtW5LAZG3tmAXHn6oLBUt3wsJdjpump,solana,2,False,0,False,0,True,3817,
medium,70.0,G5MUYhGpF4rAycarEEcN5TXqA1kfHEjEWCQEvDzHpump,solana,2,False,0,False,0,True,2802,
medium,70.0,ArP293mAg3ons5UQtAnesqCrTBGSuUyxuE6hZWfPpump,solana,2,False,0,False,0,True,3335,
medium,70.0,GGZUtLrjXP6geh3HYC6vmqFDW3nBqXgtkazd6N5Nbonk,solana,2,False,0,False,0,True,3441,
medium,70.0,2F8Pb5MzMQZuMzrN5wAefYv8cTUnkR6KfoxcKSzspump,solana,2,False,0,False,0,True,1932,
medium,70.0,7fZYHRFgq1k1W6yHH1hf6VepQHQzGS3yNjuLgCmGpump,solana,2,False,0,False,0,True,2589,
medium,70.0,FW1HLYwCeTFDaAT9DVVZzpVHKZYpQBZAeJjDznaApump,solana,2,False,0,False,0,True,4827,
medium,70.0,ByEyxW8J1VhjJCqDTf9c7L4MzDXDXvdBVq26wzyYpump,solana,2,False,0,False,0,True,4779,
medium,70.0,A3PN9m9qAVbAqLrasmVfh3ayJMSa1yfQxym7GcdSpump,solana,2,False,0,False,0,True,4498,
medium,70.0,BycYc1T1BnZsJVyyEqpkjrrDVbUtXqQ6jEiyeUTGpump,solana,2,False,0,False,0,True,4330,
medium,70.0,GVTJimb45cc7bXSs22fWg7nVXBNYmgF3LGGqZJMjpump,solana,2,False,0,False,0,True,4919,
medium,70.0,AxREBxD1GFWkSc9JiwbKG5qEdqCbjz2aKhiXHxZcpump,solana,2,False,0,False,0,True,4910,
medium,70.0,9Fmqng9XGEqjJMAqFmEFz5aCRDs8Kh1GHiqwEf21pump,solana,2,False,0,False,0,True,4274,
medium,70.0,5NSNwRzbuV3UFRsPZH3W1AH9hxacQHpQKt7tJc3Jpump,solana,2,False,0,False,0,True,4137,
medium,70.0,6EXW1uMsNWX9e69Apw6DfFgnX3cc1AWjsQo75zDepump,solana,2,False,0,False,0,True,2306,
medium,70.0,2t7SanEtAjf35FERcfzzSTo8rajgV6YZWZYVVoRZpump,solana,2,False,0,False,0,True,2482,
medium,70.0,4gV9HSRHTzPHe88JBwf1RjemF1pRV7SgPCy65YjWpump,solana,2,False,0,False,0,True,4785,
medium,70.0,7uQ2PiN79ToKKzZwR8ry3x4N6pLHMPHQPmNexPh4pump,solana,2,False,0,False,0,True,4870,
medium,70.0,R3LZR4x5RmCd4gFwQ6hqRGG1S5r9Bmd3xmk833bboop,solana,2,False,0,False,0,True,3931,
medium,70.0,HaPhKP5ywhZseoWNsuewgxjRNBXeYWZw2CVpRoFWpump,solana,2,False,0,False,0,True,4924,
medium,70.0,7JLRrF9YVs1zQ6WsrtiV896hahdKx2vx8zogPkXr1EkJ,solana,1,False,0,False,0,True,1129,
medium,70.3,GdKWebBBvM78HNYGxoZLgsXHqZKAELEZk3ka9i32pump,solana,2,False,0,False,0,True,1628,
medium,70.4,G8dUSvywefr4GvfFZBZiLHmbjnwjrrJPAnVifjj7pump,solana,3,False,0,False,0,True,1575,
medium,70.8,DpySBBrUSyRoSSovFjaoxb9MityQJ9ZYbK9yPWxapump,solana,4,False,0,False,0,True,1502,
medium,71.4,FdpEvMwXM99WsCr5zwrQ5BqgQTSLULpewpXjfs7ABAGS,solana,3,False,0,False,0,True,4360,
medium,71.6,HLJzUzWU7eFKDCvuoJ6cQCYxkinE1cXCZjxWJWwWpump,solana,2,False,0,False,0,True,1720,
medium,71.8,39zSVsSHFqNhARbVh6n8ZF78nCmhV3gSg8D39xhBNe73,solana,4,False,0,False,0,True,4573,
medium,71.9,34AeqX5MQGyrey2VnZdkeZCfM4qinp4F3X7pGxtipump,solana,6,False,0,False,0,True,4104,
medium,72.2,Hv69wUkD225TYq111eAar9CtjhNpzBTRFpHkpY3pbonk,solana,3,False,0,False,0,True,3881,
medium,72.4,87n4vtsy5CN7EzpFeeD25YtGfyJpUbqwDZtAzNFnNtRZ,solana,2,False,0,False,0,True,3464,
medium,72.9,4CrRnKWXQ2fLrFqqHvnqmoq8QFKKpJiJbqsW5Nv4pump,solana,2,False,0,False,0,True,3405,
medium,73.0,FVcMs7GEVWmcs9beeaSxz6VhqJUGukEfTBsNGGfKpump,solana,3,False,0,False,0,True,3348,
medium,73.0,6fHPh6b1WrfoS8f6ZhoziVhNBzTs5LCLnAEtnzfMbonk,solana,4,False,0,False,0,True,3054,
medium,73.2,4aQ7cA7vnfCQ8opcNBRarRYcm6Mnwioee74RXpMHbonk,solana,4,False,0,False,0,True,3441,
medium,74.1,9jBxPfYJmaDuvpWT3b2J194NYrBWksxhNMZxvi31pump,solana,2,False,0,False,0,True,1295,
medium,74.2,CuPrcDMz7CmzMeH8oGpmPXCTQfDmit2pgEE9UM1Dpump,solana,2,False,0,False,0,True,3075,
medium,74.6,9tbJGeXNHsLEkncTRSUF7Cn2k6Meji5wvz4jpagmpump,solana,2,False,0,False,0,True,3493,
medium,74.7,8a5NY9MAdY3NjKsgPUYfqoZcmGKdZkotrjWgZM1dpump,solana,2,False,0,False,0,True,1902,
medium,74.9,8Ga7ExC7toM9v1PqCB8jjKRTKqiYqQGLCua2VnXdbonk,solana,2,False,0,False,0,True,3410,
medium,74.9,4QvVzhTaAQDH51TRBEL6eX3f3Wvte9g6jRK2iSPebonk,solana,6,False,0,False,0,True,4337,
medium,74.9,2qachMY68G2oPXt2SYPVSu3SyR1YgiiZFZ1pjJxnxKyi,solana,3,False,0,False,0,True,1317,
medium,75.6,9NW7fiBu4uHpLx3rxiMccucyKwADwuptTpb8z2YYj9SH,solana,4,False,0,False,0,True,1546,
medium,75.9,AjgSvYmJLhvt3FteiyTqQf8XBj1SVs6T6AmSUfkHpump,solana,4,False,0,False,0,True,6068,
medium,76.1,vRseBFqTy9QLmmo5qGiwo74AVpdqqMTnxPqWoWMpump,solana,2,False,0,False,0,True,1235,
medium,76.1,5dpN5wMH8j8au29Rp91qn4WfNq6t6xJfcjQNcFeDJ8Ct,solana,4,False,0,False,0,True,5876,
medium,76.5,Co4692bPPQXAqqxSLAeTTvF1bnhY26FUWt2YuWQPBgfU,solana,2,False,0,False,0,True,3112,
medium,76.8,5EkcKr582FkAPVnRmaDdnkekTtnNRzNNSxmQxqrFpump,solana,2,False,0,False,0,True,3017,
medium,77.0,CPLTbYbtDMKZtHBaPqdDmHjxNwESCEB14gm6VuoDpump,solana,2,False,0,False,0,True,2984,
medium,77.2,B5boCskXEFb1RJJ9EqJNV3gt5fjhk85DeD7BgbLcpump,solana,2,False,0,False,0,True,2953,
medium,77.3,Bf5uwQqUmtHLPYmGvs4z3Y56QtXgv6ApwQWo4aVrbonk,solana,2,False,0,False,0,True,4330,
medium,77.3,HfZiQSCUTpvWa9Mk3FKieQHzZfiduPqTEMVDbP1Gpump,solana,2,False,0,False,0,True,3263,
medium,77.4,9Poxe5aDkt8ggFWvcYZ9AX8QBBAAdgW844cgooNCULT,solana,3,False,0,False,0,True,5377,
medium,77.4,23FH7fk4aLajVppQzr5BALeZh9fpnW8jkQevqRcgpump,solana,3,False,0,False,0,True,1387,
medium,78.1,HoQYRCnUeyZZyFiPtYDw48kHyGwjsaUXJxDVtxcK4yPg,solana,4,False,0,False,0,True,2541,
medium,78.5,FwZxfG6WHcAAJD5ShYZZQNQCNgtrw2oniQhoDXR5pump,solana,2,False,0,False,0,True,2740,
medium,78.8,8yxD7uSEyEKpJqaSiunworBFzirAsRXKNjD2X1mdbonk,solana,2,False,0,False,0,True,3380,
medium,79.2,J7Dx5yPbPD5e5BmrSvJyi4n4XRUR2kWqWYaxaSWdpump,solana,2,False,0,False,0,True,2020,
medium,79.5,ASRRjA1R4RHVk5H9QKKm1jaQqMkxvv6nh5EypPrvwmxQ,solana,3,False,0,False,0,True,1434,
medium,79.7,AhVJQY1mGjjQpRiMEcCXwkFc8QagKwcqUSpqwN7S9gag,solana,2,False,0,False,0,True,2412,
medium,79.7,GJU3bXxNkNtYxgjkoFhAdq7VrXJAB2GW4Cpt6kLcbonk,solana,3,False,0,False,0,True,2472,
medium,79.9,2ru87k7yAZnDRsnqVpgJYETFgqVApuBcwB2xDb19pump,solana,3,False,0,False,0,True,1005,
medium,80.4,777Z92HqqGEav312yx8CfakajosBRFFUMbemyLaqbonk,solana,2,False,0,False,0,True,2465,
medium,80.7,GdZ9rwHyKcriLdbSzhtEFLe5MLs7Vk6AY1aE5ei7nsmP,solana,2,False,0,False,0,True,983,
medium,80.7,fmGLjVuQfBLbWPo5zxc8sSss3ixMW3u3bRP95uGpump,solana,4,False,0,False,0,True,2387,
medium,81.3,ADSkaYVeTYazX77JypE7HEvRdx1QZVAo3whhCACjjups,solana,2,False,0,False,0,True,2315,
medium,81.5,ESBCnCXtEZDmX8QnHU6qMZXd9mvjSAZVoYaLKKADBAGS,solana,7,False,0,False,0,True,2344,
medium,81.6,3hFEAFfPBgquhPcuQYJWufENYg9pjMDvgEEsv4jxpump,solana,3,False,0,False,0,True,2268,
medium,82.6,CfVs3waH2Z9TM397qSkaipTDhA9wWgtt8UchZKfwkYiu,solana,6,False,0,False,0,True,4158,
medium,82.6,9mAnyxAq8JQieHT7Lc47PVQbTK7ZVaaog8LwAbFzBAGS,solana,7,False,0,False,0,True,2174,
medium,82.8,1zJX5gRnjLgmTpq5sVwkq69mNDQkCemqoasyjaPW6jm,solana,2,False,0,False,0,True,3138,
medium,82.9,rnMLBLnUueJveGpLCS2BGsY3McJGRXZ8bqQ8eBWbonk,solana,6,False,0,False,0,True,2839,
medium,83.0,8Y5MwnUM19uqhnsrFnKijrmn33CmHBTUoedXtTGDpump,solana,2,False,0,False,0,True,850,
medium,83.2,BXtTxGMRygG7DxufDFVaGP1WdvxSscWN8VoQ2zLhpump,solana,2,False,0,False,0,True,932,
medium,83.4,EBCqxfSMVSJPDGFLcf2yAfQoeLJRD1z8VbEUemZSbonk,solana,2,False,0,False,0,True,904,
medium,83.9,96hj47MzSpZgVcT1v4nwpbQNEU59f6ys48PArGivpump,solana,3,False,0,False,0,True,1958,
medium,84.3,4JPyh4ATbE8hfcH7LqhxF3YThsECZm6htmLvMUyrbonk,solana,5,False,0,False,0,True,1878,
medium,84.5,GWaD6wcxSZFwXApoY56x6Cxiqs5sAvtQNdcUvz7Zbonk,solana,2,False,0,False,0,True,1961,
medium,84.8,9Yn6bnF3eKLqocUVMxduh7WWqgQZ8DvWQDYTX9Ncpump,solana,2,False,0,False,0,True,1791,
medium,84.8,6jTQCFZR8JwvvenVGa3RzGM3a5YEagk9kQXDpHHdpump,solana,2,False,0,False,0,True,1786,
low,85.3,BnszRWbs9LxSzsCUUS57HMTNNtyDHFsnmZ1mVhAYdaos,solana,3,False,0,False,0,True,1783,
low,85.7,8SQQ1urC3Dynq9C2ieM6AozWgi4GCrLE6fnRoiWdpump,solana,2,False,0,False,0,True,1057,
low,85.8,HtrmuNs4nESVg5i8gHyufDpGN5HHKqPmFfbQV9yupump,solana,5,False,0,False,0,True,3489,
low,86.2,HGwdb6RQsMTqXpjBiy5BEAXHcpanmJr3c1Dj84r5pump,solana,3,False,0,False,0,True,1613,
low,86.8,yFtG6tU4mZqiUnrBC4gF9eXTdWyzj7ZSKb92wv3bonk,solana,3,False,0,False,0,True,2383,
low,87.2,G95DeH1mNbG48MWsfRx1WXngtUhHvjWE97P4piXZbonk,solana,3,False,0,False,0,True,1466,
low,87.2,5umdEnYVe9c7YsGWzBAW1xbBGYDF6BwW8qruFmmPbonk,solana,3,False,0,False,0,True,1474,
low,87.5,tdzUKGeAchLRzpYBzmBWEGaoP7E8EQ8hPv8Eqi8pump,solana,4,False,0,False,0,True,690,
low,87.7,DHJVYXsikcimtcVo49FAZqYd1XPYPaXezYhbKArJbonk,solana,2,False,0,False,0,True,955,
low,87.8,CzHc1ugMNhim5JCJC8ebbp4k14jfrbZx1HNcMyEppump,solana,2,False,0,False,0,True,612,
low,87.9,Cr2mM4szbt8286XMn7iTpY5A8S17LbGAu1UyodkyEwn4,solana,2,False,0,False,0,True,791,
low,88.0,2KK4YMi24Tqo6tDn8mzYWkNdGjG3ufdXBjmLv7Fapump,solana,4,False,0,False,0,True,762,
low,88.3,b37NMA81bSgVmC6E5TXyrUndRzwdYycxoLFsG3gpump,solana,2,False,0,False,0,True,584,
low,88.6,3UzkMymHpqDijXYaGsz8Vbc1Vk4tKBED5TDT9v6Hbonk,solana,2,False,0,False,0,True,1333,
low,88.6,GaPbGp23pPuY9QBLPUjUEBn2MKEroTe9Q3M3f2Xpump,solana,8,False,0,False,0,True,2930,
low,88.9,CxiR3c9AGqMtE7bg82sLnzpLinXN3kXfcoYeYtGApFoG,solana,5,False,0,False,0,True,1389,
low,89.0,6TUJXvuUrS4rnnm8LmG23AZYsWQavY9SpeAG3Cdjbonk,solana,5,False,0,False,0,True,1237,
low,90.1,9AvytnUKsLxPxFHFqS6VLxaxt5p6BhYNr53SD2Chpump,solana,2,False,0,False,0,True,2180,
low,90.4,6d2Wze1KMUxQ28sFLrH9DKfgBXpUJSJYZaRbufucvBLV,solana,3,False,0,False,0,True,2156,
low,90.4,AMCHpR1F5gKt6msk9j9aDBjKUSmgyAxhymbZhjkypump,solana,4,False,0,False,0,True,570,
low,90.6,3vz82EWYv8xnc7Cm7qSgERcpMeqw92PcX8PBz88npump,solana,2,False,0,False,0,True,1043,
low,90.7,H74CYmXgMkYHYuSRsZt6RJb4NYp2u72Vw8BS5huApump,solana,2,False,0,False,0,True,1025,
low,91.2,G1jydhghPMLBXRFPR3wyJ9HbpKPR3Rv7M8Yakfo5pump,solana,4,False,0,False,0,True,545,
low,91.4,48TqCgU8zC2H5tWshNriY2bWHDULSTSvdgL4iP1Fpump,solana,4,False,0,False,0,True,966,
low,91.4,85vdovHhkXnDi98EYMQmD2vXS82jRP1VDDXfkJ38pump,solana,3,False,0,False,0,True,622,
low,91.6,7hB4AgnZp7RiThvtFTGMedkrU3G8X34fwHzy1vQjpump,solana,2,False,0,False,0,True,422,
low,91.6,w6iohhdC6zbq2DP1uwtmvXPJibbFroDnni1A222bonk,solana,8,False,0,False,0,True,923,
low,91.6,8Q8KPBL21FVatn2C1EaxAQSorAkHW2W2jDUXapVPZmhm,solana,2,False,0,False,0,True,450,
low,92.2,DGKj2gcKkrYnJYLGN89d1yStpx7r6yPkR166opx2bonk,solana,5,False,0,False,0,True,1017,
low,92.2,9RjwNo6hBPkxayWHCqQD1VjaH8igSizEseNZNbddpump,solana,2,False,0,False,0,True,1269,
low,92.3,HyU6PuA4oDPxnEpP7E3MGc4u6MQ4m31LZihTF7RPbonk,solana,5,False,0,False,0,True,1129,
low,92.4,BDWvvvKUS9c3C4Rz1w9tk5uD519CzD2f6n7zBk2Bbonk,solana,5,False,0,False,0,True,832,
low,92.6,AU1dQQhLho6M5YuyRvhvofPrQWt3sRiB9FmsXtW3pump,solana,2,False,0,False,0,True,413,
low,92.7,7tAnusL3srXjzEriVL86a23KgwDZKXJTZ2ezEUubonk,solana,4,False,0,False,0,True,930,
low,92.7,EoLW32eUjN9XibMLEb53CMzLtg9XxnHFU6fbpSukjups,solana,2,False,0,False,0,True,785,
low,93.0,7Pnqg1S6MYrL6AP1ZXcToTHfdBbTB77ze6Y33qBBpump,solana,6,False,0,False,0,True,752,
low,93.1,V5cCiSixPLAiEDX2zZquT5VuLm4prr5t35PWmjNpump,solana,3,False,0,False,0,True,793,
low,93.2,vLieQF5eDqUuuk8RzRaqgAHkXr7bSEBZaWk9Zfibonk,solana,2,False,0,False,0,True,741,
low,93.2,E4n5gooEoFaDPb1oSDmN2VXjWKekrTn3EFE7KjNKpump,solana,4,False,0,False,0,True,406,
low,93.4,EuU9Vh37eKDdUnZkUfMZLGCcBqwFYpr1E6X3ZwUxhvgm,solana,7,False,0,False,0,True,717,
low,94.5,FRsV3m924aGpLMuEekoo3JkkMt1oopaM4JY9ki5YLXrp,solana,4,False,0,False,0,True,632,
low,94.7,9anaj2GrwWWQvkNKzzEzoz5xvTEYP69EPJRagowobonk,solana,3,False,0,False,0,True,565,
low,95.1,BKmYE8w1GEQ6khhLkvMj4ULvV4Gq7zLfJZSgsHE5pump,solana,2,False,0,False,0,True,527,
low,95.3,J3rYdme789g1zAysfbH9oP4zjagvfVM2PX7KJgFDpump,solana,2,False,0,False,0,True,245,
low,96.0,A9E2AopuG56LWYiXsvGLLTcLjUjQ539PY6k5Fhfepump,solana,3,False,0,False,0,True,347,
low,96.1,63bpnCja1pGB2HSazkS8FAPAUkYgcXoDwYHfvZZveBot,solana,5,False,0,False,0,True,547,
low,96.7,347k5f1WLRYe81roRcLBWDR6k3eCRunaqetQPW6pbonk,solana,2,False,0,False,0,True,340,
low,96.8,AFk1RUr18RCFjhKHQN7ufxPBiQYWjXifAw4y4n44jups,solana,2,False,0,False,0,True,338,
low,96.9,GTc5QQbZSf7W3CpvwqFkWXjPwRhYds8R8iJyR3e7pump,solana,2,False,0,False,0,True,159,
low,97.5,4bXCaDUciWA5Qj1zmcZ9ryJsoqv4rahKD4r8zYYsbonk,solana,7,False,0,False,0,True,328,
low,97.6,3dk9CNre8tmv6bbNXd5F6dgkNnEzsyQ7sPhVT8kKpump,solana,3,False,0,False,0,True,146,
low,97.7,3E8muKzsn84HUUmDWdjjd6geRjv5XUpMjdpbrqi3pump,solana,2,False,0,False,0,True,163,
low,97.8,5oUzkFsCFMJJ23Z6Ghev5m7FjE6TtrqZJXUS7V5Smoon,solana,2,False,0,False,0,True,115,
low,97.9,4daoTLufDmV3ods48Zh8rymaZKBLtgEvuH9qALYLbonk,solana,9,False,0,False,0,True,375,
low,97.9,GUy9Tu8YtvvHoL3DcXLJxXvEN8PqEus6mWQUEchcbonk,solana,3,False,0,False,0,True,224,
low,98.0,3arUrpH3nzaRJbbpVgY42dcqSq9A5BFgUxKozZ4npump,solana,3,False,0,False,0,True,204,
low,98.1,DHAajf71VVT9s98hmyFyr3JDnr9KfotFbM5gQJV5bonk,solana,2,False,0,False,0,True,198,
low,98.6,2rVgh6tcU1Hhk58XwD631E2D6iqLV28prSdpBXaLbonk,solana,2,False,0,False,0,True,146,
low,98.7,8SkfuQkYNTskoQUbbjr2JbZQeqQV9egnJXgfMXf5bonk,solana,2,False,0,False,0,True,88,
low,98.8,BCXpjsHYmgVpRKdv4EQv1RARhYagnnwPkJjYbvM6bonk,solana,5,False,0,False,0,True,115,
low,98.8,AtortPA9SVbkKmdzu5zg4jxgkR4howvPshorA9jYbonk,solana,3,False,0,False,0,True,254,
low,98.8,4nswj3o1Lo9iWYvvRJxUD8vbCy9ay7QQoXYcncHNbonk,solana,2,False,0,False,0,True,114,
low,98.9,ENfpbQUM5xAnNP8ecyEQGFJ6KwbuPjMwv7ZjR29cDuAb,solana,2,False,0,False,0,True,59,
low,99.1,F7pB3ZdfBnyFw2LRHydWEn9BmhEa5XihXLjhySFRpump,solana,3,False,0,False,0,True,110,
low,99.1,FJjKH9Xp2SvNDNUSN7X9T4uMNafFEYzbZpnwEZXKpump,solana,3,False,0,False,0,True,101,
low,99.2,EwBUeMFm8Zcn79iJkDns3NdcL8t8B6Xikh9dKgZtpump,solana,5,False,0,False,0,True,51,
low,99.2,CARDSccUMFKoPRZxt5vt3ksUbxEFEcnZ3H2pd3dKxYjp,solana,3,False,0,False,0,True,97,
low,99.3,JmMRbLcKgNCu17yHZDAn4strE5NjmWJ4pCeJ7s7boop,solana,3,False,0,False,0,True,47,
low,99.3,38PgzpJYu2HkiYvV8qePFakB8tuobPdGm2FFEn7Dpump,solana,8,False,0,False,0,True,48,
low,99.4,3BtunCQ3KdpsYtXQU9SmkGopnDkaQHuEgG14Dy1Lbonk,solana,2,False,0,False,0,True,62,
low,99.4,3HeUeL8ru8DFfRRQGnE11vGrDdNUzqVwBW8hyYHBbonk,solana,2,False,0,False,0,True,35,
low,99.6,9BqPvc9vPBdcVtez6UYiFEeqTSYqxypF4f1CmtaZpump,solana,2,False,0,False,0,True,22,
low,99.6,BFgdzMkTPdKKJeTipv2njtDEwhKxkgFueJQfJGt1jups,solana,4,False,0,False,0,True,48,
low,99.6,HtTYHz1Kf3rrQo6AqDLmss7gq5WrkWAaXn3tupUZbonk,solana,9,False,0,False,0,True,102,
low,99.6,FNP2Dw2GU5wPBZgVCcerbEemV9dVfvQrThEor1jmoon,solana,3,False,0,False,0,True,22,
low,99.6,6p6xgHyF7AeE6TZkSmFsko444wqoP15icUSqi2jfGiPN,solana,2,False,0,False,0,True,85,
low,99.7,3wPQhXYqy861Nhoc4bahtpf7G3e89XCLfZ67ptEfZUSA,solana,6,False,0,False,0,True,31,
low,99.7,FP2XnGpqP5opNZujB6KPpXYWSAwq7BbTUVUnRij1bonk,solana,2,False,0,False,0,True,67,
low,99.7,FyrBf5xKg5EwKZ9pHvSpJeLLuCWBicTpm3VvZcsibonk,solana,3,False,0,False,0,True,26,
low,99.8,Ey59PH7Z4BFU4HjyKnyMdWt5GGN76KazTAwQihoUXRnk,solana,6,False,0,False,0,True,55,
low,99.8,BBKPiLM9KjdJW7oQSKt99RVWcZdhF6sEHRKnwqeBGHST,solana,2,False,0,False,0,True,20,
low,99.8,H8xQ6poBjB9DTPMDTKWzWPrnxu4bDEhybxiouF8Ppump,solana,4,False,0,False,0,True,26,
low,99.8,71Jvq4Epe2FCJ7JFSF7jLXdNk1Wy4Bhqd9iL6bEFELvg,solana,13,False,0,False,0,True,27,
low,99.9,76rTxzztXjJe7AUaBi7jQ5J61MFgpQgB4Cc934sWbonk,solana,4,False,0,False,0,True,21,
low,99.9,G4zwEA9NSd3nMBbEj31MMPq2853Brx2oGsKzex3ebonk,solana,3,False,0,False,0,True,12,
low,99.9,CSrwNk6B1DwWCHRMsaoDVUfD5bBMQCJPY72ZG3Nnpump,solana,2,False,0,False,0,True,9,
low,99.9,83kGGSggYGP2ZEEyvX54SkZR1kFn84RgGCDyptbDbonk,solana,5,False,0,False,0,True,22,
low,99.9,GMvCfcZg8YvkkQmwDaAzCtHDrrEtgE74nQpQ7xNabonk,solana,6,False,0,False,0,True,22,
low,99.9,8J69rbLTzWWgUJziFY8jeu5tDwEPBwUz4pKBMr5rpump,solana,6,False,0,False,0,True,12,
low,99.9,CB9dDufT3ZuQXqqSfa1c5kY935TEreyBw9XJXxHKpump,solana,3,False,0,False,0,True,21,
low,100.0,5zCETicUCJqJ5Z3wbfFPZqtSpHPYqnggs1wX7ZRpump,solana,22,False,0,False,0,True,10,
low,100.0,5c74v6Px9RKwdGWCfqLGfEk7UZfE3Y4qJbuYrLbVG63V,solana,2,False,0,False,0,True,1,
low,100.0,9BB6NFEcjBCtnNLFko2FqVQBq8HHM13kCyYcdQbgpump,solana,2,False,0,False,0,True,3,
low,100.0,pumpCmXqMfrsAkQ5r49WcJnRayYRqmXz6ae8H7H9Dfn,solana,4,False,0,False,0,True,1,
low,100.0,Dz9mQ9NzkBcCsuGPFJ3r1bS4wgqKMHBPiVuniW8Mbonk,solana,20,False,0,False,0,True,3,
