title,year,lot_id,price_text,location_text,time_text,url,source_page
2016 Toyota Rav 4 FWD GX ZSA42R CVT Wagon,2016,21061278,"$13,000",2016 Toyota Rav 4 FWD GX ZSA42R CVT Wagon,,https://www.grays.com/lot/0001-21061278/motor-vehicles-motor-cycles/2016-toyota-rav-4-fwd-gx-zsa42r-cvt-wagon,1
2014 BMW X5 xDrive 35i F15 Automatic - 8 Speed 7 Seats Wagon,2014,21061189,"$17,800",VIC,,https://www.grays.com/lot/0001-21061189/motor-vehicles-motor-cycles/2014-bmw-x5-xdrive-35i-f15-automatic-8-speed-7-seats-wagon,1
2010 Mercedes Benz ML63 AMG W164 Auto WOVR-REPAIRABLE,2010,21061291,"$9,500",VIC,,https://www.grays.com/lot/0001-21061291/motor-vehicles-motor-cycles/2010-mercedes-benz-ml63-amg-w164-auto-wovr-repairable,1
2016 Land Rover Discovery Sport TD4 180 HSE Turbo Diesel 9 auto Wagon,2016,21061298,"$11,300",VIC,,https://www.grays.com/lot/0001-21061298/motor-vehicles-motor-cycles/2016-land-rover-discovery-sport-td4-180-hse-turbo-diesel-9-auto-wagon,1
2015 Audi A7 3.0 TDI Quattro 4G Turbo Diesel Automatic Hatchback,2015,21061292,"$10,000",VIC,,https://www.grays.com/lot/0001-21061292/motor-vehicles-motor-cycles/2015-audi-a7-3-0-tdi-quattro-4g-turbo-diesel-automatic-hatchback,1
2009 Toyota Hiace LWB KDH201R Turbo Diesel Automatic Van,2009,21061201,"$9,800",VIC,,https://www.grays.com/lot/0001-21061201/motor-vehicles-motor-cycles/2009-toyota-hiace-lwb-kdh201r-turbo-diesel-automatic-van,1
2014 Mazda CX-5 Maxx KE Automatic Wagon,2014,21061273,"$5,409",VIC,,https://www.grays.com/lot/0001-21061273/motor-vehicles-motor-cycles/2014-mazda-cx-5-maxx-ke-automatic-wagon,1
2012 Ford Territory Titanium SZ Turbo Diesel Automatic 7 Seats Wagon,2012,21061300,"$4,300",VIC,,https://www.grays.com/lot/0001-21061300/motor-vehicles-motor-cycles/2012-ford-territory-titanium-sz-turbo-diesel-automatic-7-seats-wagon,1
2013 Nissan Pulsar ST B17 CVT Sedan,2013,21061323,"$3,700",VIC,,https://www.grays.com/lot/0001-21061323/motor-vehicles-motor-cycles/2013-nissan-pulsar-st-b17-cvt-sedan,1
2013 Hyundai i30 Elite GD Automatic Hatchback,2013,21061046,"$6,900",VIC,,https://www.grays.com/lot/0001-21061046/motor-vehicles-motor-cycles/2013-hyundai-i30-elite-gd-automatic-hatchback,1
2018 Volkswagen Transporter TDI340 SWB T6 Turbo Diesel Manual Van,2018,21061199,"$6,800",VIC,,https://www.grays.com/lot/0001-21061199/motor-vehicles-motor-cycles/2018-volkswagen-transporter-tdi340-swb-t6-turbo-diesel-manual-van,1
2014 Audi S3 2.0 TFSI quattro 8V Automatic Sedan,2014,21061321,"$6,100",VIC,,https://www.grays.com/lot/0001-21061321/motor-vehicles-motor-cycles/2014-audi-s3-2-0-tfsi-quattro-8v-automatic-sedan,1
2014 Isuzu MU-X 4x4 LS-M Turbo Diesel Automatic 7 Seats Wagon,2014,21061194,"$8,600",VIC,,https://www.grays.com/lot/0001-21061194/motor-vehicles-motor-cycles/2014-isuzu-mu-x-4x4-ls-m-turbo-diesel-automatic-7-seats-wagon,1
2015 Mitsubishi Outlander XLS 4WD ZK Turbo Diesel Automatic 7 Seats Wagon,2015,21061183,"$8,500",VIC,,https://www.grays.com/lot/0001-21061183/motor-vehicles-motor-cycles/2015-mitsubishi-outlander-xls-4wd-zk-turbo-diesel-automatic-7-seats-wagon,1
2015 Ford Falcon FG X Automatic Sedan,2015,21061192,"$7,600",VIC,,https://www.grays.com/lot/0001-21061192/motor-vehicles-motor-cycles/2015-ford-falcon-fg-x-automatic-sedan,1
2013 Mazda CX-5 Grand Touring KE Turbo Diesel Automatic Wagon,2013,21061262,"$5,100",VIC,,https://www.grays.com/lot/0001-21061262/motor-vehicles-motor-cycles/2013-mazda-cx-5-grand-touring-ke-turbo-diesel-automatic-wagon,1
2012 Hyundai iLOAD TQ Turbo Diesel Automatic Van,2012,21061283,"$6,200",VIC,,https://www.grays.com/lot/0001-21061283/motor-vehicles-motor-cycles/2012-hyundai-iload-tq-turbo-diesel-automatic-van,1
2007 Holden Commodore Calais V VE Automatic Sedan,2007,21061287,"$2,309",VIC,,https://www.grays.com/lot/0001-21061287/motor-vehicles-motor-cycles/2007-holden-commodore-calais-v-ve-automatic-sedan,1
2016 Mazda 6 Touring GJ Automatic Wagon,2016,21061270,"$4,200",VIC,,https://www.grays.com/lot/0001-21061270/motor-vehicles-motor-cycles/2016-mazda-6-touring-gj-automatic-wagon,1
2014 Kia Cerato S YD Automatic Sedan,2014,21061282,"$3,700",VIC,,https://www.grays.com/lot/0001-21061282/motor-vehicles-motor-cycles/2014-kia-cerato-s-yd-automatic-sedan,1
2011 Audi Q5 2.0 TDI Quattro 8R Turbo Diesel Automatic Wagon,2011,21061281,"$3,000",VIC,,https://www.grays.com/lot/0001-21061281/motor-vehicles-motor-cycles/2011-audi-q5-2-0-tdi-quattro-8r-turbo-diesel-automatic-wagon,1
Mercedes Benz Sprinter 316 CDI MWB L/ROOF Turbo Diesel Automatic Van,,21061191,"$4,000",VIC,,https://www.grays.com/lot/0001-21061191/motor-vehicles-motor-cycles/mercedes-benz-sprinter-316-cdi-mwb-l-roof-turbo-diesel-automatic-van,1
2011 Volvo S60 T6 Automatic Sedan,2011,21061265,"$2,600",VIC,,https://www.grays.com/lot/0001-21061265/motor-vehicles-motor-cycles/2011-volvo-s60-t6-automatic-sedan,1
2012 Volkswagen Golf GTI A6 Automatic Hatchback,2012,21061258,"$6,409",VIC,,https://www.grays.com/lot/0001-21061258/motor-vehicles-motor-cycles/2012-volkswagen-golf-gti-a6-automatic-hatchback,1
2011 Toyota Kluger 4X4 KX-S GSU45R Automatic 7 Seats Wagon,2011,21061167,"$5,300",VIC,,https://www.grays.com/lot/0001-21061167/motor-vehicles-motor-cycles/2011-toyota-kluger-4x4-kx-s-gsu45r-automatic-7-seats-wagon,1
2010 Subaru Impreza WRX G3 Manual Sedan,2010,21061195,"$5,200",VIC,,https://www.grays.com/lot/0001-21061195/motor-vehicles-motor-cycles/2010-subaru-impreza-wrx-g3-manual-sedan,1
2013 Jeep Grand Cherokee Limited WK Automatic - 8 Speed Wagon,2013,21061267,"$4,800",VIC,,https://www.grays.com/lot/0001-21061267/motor-vehicles-motor-cycles/2013-jeep-grand-cherokee-limited-wk-automatic-8-speed-wagon,1
2017 Land Rover Discovery 2.0 SD4 SE SERIES 5 Auto - 8 Speed 7 Seats Wagon,2017,21061172,"$4,100",VIC,,https://www.grays.com/lot/0001-21061172/motor-vehicles-motor-cycles/2017-land-rover-discovery-2-0-sd4-se-series-5-auto-8-speed-7-seats-wagon,1
Volkswagen Transporter LWB 2.5 TDI 128kW T5 Turbo Diesel Automatic Van,,21061249,"$3,109",VIC,,https://www.grays.com/lot/0001-21061249/motor-vehicles-motor-cycles/volkswagen-transporter-lwb-2-5-tdi-128kw-t5-turbo-diesel-automatic-van,1
2014 Renault CAPTUR Dynamique Automatic Wagon,2014,21061324,"$2,409",VIC,,https://www.grays.com/lot/0001-21061324/motor-vehicles-motor-cycles/2014-renault-captur-dynamique-automatic-wagon,1
2013 Volkswagen Golf 90TSI A7 Automatic Hatchback,2013,21061000,"$2,100",VIC,,https://www.grays.com/lot/0001-21061000/motor-vehicles-motor-cycles/2013-volkswagen-golf-90tsi-a7-automatic-hatchback,1
BMW 3 Series Touring 320i EXEC. E91 Automatic Wagon,,21061255,"$2,050",VIC,,https://www.grays.com/lot/0001-21061255/motor-vehicles-motor-cycles/bmw-3-series-touring-320i-exec-e91-automatic-wagon,1
2009 Mitsubishi Lancer ES CJ CVT Sedan,2009,21061263,"$2,009",VIC,,https://www.grays.com/lot/0001-21061263/motor-vehicles-motor-cycles/2009-mitsubishi-lancer-es-cj-cvt-sedan,1
2017 Land Rover Discovery 2.0 TD4 SE SERIES 5 Turbo Diesel Auto 7 Seats,2017,21061164,"$10,000",VIC,,https://www.grays.com/lot/0001-21061164/motor-vehicles-motor-cycles/2017-land-rover-discovery-2-0-td4-se-series-5-turbo-diesel-auto-7-seats,1
2012 Mazda BT-50 4X2 XT Turbo Diesel Tipper Tray Cab Chassis,2012,21061024,"$8,500",VIC,,https://www.grays.com/lot/0001-21061024/motor-vehicles-motor-cycles/2012-mazda-bt-50-4x2-xt-turbo-diesel-tipper-tray-cab-chassis,1
2013 Holden Colorado 4X4 LX RG Turbo Diesel Manual Crew Cab Chassis,2013,21061250,"$3,200",VIC,,https://www.grays.com/lot/0001-21061250/motor-vehicles-motor-cycles/2013-holden-colorado-4x4-lx-rg-turbo-diesel-manual-crew-cab-chassis,1
2011 Ford Falcon G6 FG II Automatic Sedan,2011,21061261,"$1,909",VIC,,https://www.grays.com/lot/0001-21061261/motor-vehicles-motor-cycles/2011-ford-falcon-g6-fg-ii-automatic-sedan,1
2010 Holden Captiva LX AWD CG Automatic 7 Seats Wagon (RWC Issued 5th Dec),2010,21061202,"$1,850",VIC,,https://www.grays.com/lot/0001-21061202/motor-vehicles-motor-cycles/2010-holden-captiva-lx-awd-cg-automatic-7-seats-wagon-rwc-issued-5th-dec,1
2010 Nissan Navara ST-X 4X4 DOUBLE CAB D40 Turbo Diesel Automatic Dual Cab,2010,21061252,"$1,510",VIC,,https://www.grays.com/lot/0001-21061252/motor-vehicles-motor-cycles/2010-nissan-navara-st-x-4x4-double-cab-d40-turbo-diesel-automatic-dual-cab,1
2012 Subaru Liberty 2.5i B5 CVT Wagon,2012,21061197,"$1,410",VIC,,https://www.grays.com/lot/0001-21061197/motor-vehicles-motor-cycles/2012-subaru-liberty-2-5i-b5-cvt-wagon,1
2010 Mercedes Benz C-Class C200 CGI W204 Automatic Sedan,2010,21061289,"$1,309",VIC,,https://www.grays.com/lot/0001-21061289/motor-vehicles-motor-cycles/2010-mercedes-benz-c-class-c200-cgi-w204-automatic-sedan,1
2011 Mitsubishi Outlander LS ZH CVT Wagon,2011,21061203,"$1,950",VIC,,https://www.grays.com/lot/0001-21061203/motor-vehicles-motor-cycles/2011-mitsubishi-outlander-ls-zh-cvt-wagon,1
2008 Kia Rio LX JB Automatic Hatchback,2008,21061306,"$1,009",VIC,,https://www.grays.com/lot/0001-21061306/motor-vehicles-motor-cycles/2008-kia-rio-lx-jb-automatic-hatchback,1
2011 Holden Commodore Equipe VE Series II Automatic Wagon,2011,21061268,"$1,309",VIC,,https://www.grays.com/lot/0001-21061268/motor-vehicles-motor-cycles/2011-holden-commodore-equipe-ve-series-ii-automatic-wagon,1
2007 Chrysler 300C TOURING LE Turbo Diesel Automatic Wagon,2007,21061259,"$1,309",VIC,,https://www.grays.com/lot/0001-21061259/motor-vehicles-motor-cycles/2007-chrysler-300c-touring-le-turbo-diesel-automatic-wagon,1
2012 Ford Focus Titanium LW Turbo Diesel Automatic Hatchback,2012,21061316,"$1,400",VIC,,https://www.grays.com/lot/0001-21061316/motor-vehicles-motor-cycles/2012-ford-focus-titanium-lw-turbo-diesel-automatic-hatchback,1
2014 Jeep Cherokee LIMITED 4X4 KL 9 auto Wagon,2014,21061293,"$1,300",VIC,,https://www.grays.com/lot/0001-21061293/motor-vehicles-motor-cycles/2014-jeep-cherokee-limited-4x4-kl-9-auto-wagon,1
2012 Skoda Octavia 90TSI 1Z Manual Sedan,2012,21061279,$709,VIC,,https://www.grays.com/lot/0001-21061279/motor-vehicles-motor-cycles/2012-skoda-octavia-90tsi-1z-manual-sedan,1
2013 Ford Falcon XT FG II Automatic Sedan,2013,21061254,$609,VIC,,https://www.grays.com/lot/0001-21061254/motor-vehicles-motor-cycles/2013-ford-falcon-xt-fg-ii-automatic-sedan,1
2007 Peugeot 308 XSE HDi Turbo Diesel Automatic Hatchback,2007,21061269,$709,VIC,,https://www.grays.com/lot/0001-21061269/motor-vehicles-motor-cycles/2007-peugeot-308-xse-hdi-turbo-diesel-automatic-hatchback,1
2010 Suzuki Alto GL GF Automatic Hatchback,2010,21061196,$709,VIC,,https://www.grays.com/lot/0001-21061196/motor-vehicles-motor-cycles/2010-suzuki-alto-gl-gf-automatic-hatchback,1
2009 Hyundai i30cw SLX FD Automatic Wagon,2009,21061253,$309,VIC,,https://www.grays.com/lot/0001-21061253/motor-vehicles-motor-cycles/2009-hyundai-i30cw-slx-fd-automatic-wagon,1
2009 Ford Mondeo Titanium MB Automatic WOVR-REPAIRABLE,2009,21061297,$109,VIC,,https://www.grays.com/lot/0001-21061297/motor-vehicles-motor-cycles/2009-ford-mondeo-titanium-mb-automatic-wovr-repairable,1
2015 Jeep Grand Cherokee Laredo (4x4) WK Turbo Diesel Auto - 8 Speed Wagon,2015,21061318,"$5,900",VIC,,https://www.grays.com/lot/0001-21061318/motor-vehicles-motor-cycles/2015-jeep-grand-cherokee-laredo-4x4-wk-turbo-diesel-auto-8-speed-wagon,1
2016 Ford Escape TREND AWD ZG Turbo Diesel Automatic Wagon,2016,21061185,"$4,400",VIC,,https://www.grays.com/lot/0001-21061185/motor-vehicles-motor-cycles/2016-ford-escape-trend-awd-zg-turbo-diesel-automatic-wagon,1
2010 Mitsubishi Colt Ralliart RG Manual Hatchback,2010,21061031,"$3,200",VIC,,https://www.grays.com/lot/0001-21061031/motor-vehicles-motor-cycles/2010-mitsubishi-colt-ralliart-rg-manual-hatchback,1
2012 Jeep Wrangler Unlimited Sport JK Manual Wagon,2012,21061327,"$2,700",VIC,,https://www.grays.com/lot/0001-21061327/motor-vehicles-motor-cycles/2012-jeep-wrangler-unlimited-sport-jk-manual-wagon,1
2015 Land Rover Range Rover Evoque TD4 150 SE - WOVR REPAIRABLE,2015,21061294,"$1,209",VIC,,https://www.grays.com/lot/0001-21061294/motor-vehicles-motor-cycles/2015-land-rover-range-rover-evoque-td4-150-se-wovr-repairable,1
2015 BMW 4 Series 435i F32 Automatic - 8 Speed Coupe,2015,21061186,"$10,000",VIC,,https://www.grays.com/lot/0001-21061186/motor-vehicles-motor-cycles/2015-bmw-4-series-435i-f32-automatic-8-speed-coupe,1
2013 Nissan Pulsar Ti B17 CVT Sedan,2013,21061329,"$1,809",VIC,,https://www.grays.com/lot/0001-21061329/motor-vehicles-motor-cycles/2013-nissan-pulsar-ti-b17-cvt-sedan,1
2015 Volkswagen Caddy TDI250 MAXI BLUEMOT. Turbo Diesel Automatic Van,2015,21061295,"$2,000",VIC,,https://www.grays.com/lot/0001-21061295/motor-vehicles-motor-cycles/2015-volkswagen-caddy-tdi250-maxi-bluemot-turbo-diesel-automatic-van,1
2010 Subaru Impreza RS G3 Automatic Hatchback,2010,21061328,$309,VIC,,https://www.grays.com/lot/0001-21061328/motor-vehicles-motor-cycles/2010-subaru-impreza-rs-g3-automatic-hatchback,1
2008 Toyota Corolla Ascent ZRE152R Automatic Hatchback,2008,21061474,"$4,900",VIC,,https://www.grays.com/lot/0001-21061474/motor-vehicles-motor-cycles/2008-toyota-corolla-ascent-zre152r-automatic-hatchback,1
2015 Volkswagen Touareg V6 TDI 7P Turbo Diesel Automatic - 8 Speed Wagon,2015,21061454,"$3,109",VIC,,https://www.grays.com/lot/0001-21061454/motor-vehicles-motor-cycles/2015-volkswagen-touareg-v6-tdi-7p-turbo-diesel-automatic-8-speed-wagon,1
2013 Porsche Cayenne 92A Automatic - 8 Speed Wagon,2013,21061355,"$3,200",VIC,,https://www.grays.com/lot/0001-21061355/motor-vehicles-motor-cycles/2013-porsche-cayenne-92a-automatic-8-speed-wagon,1
2017 Land Rover DISCOVERY SPORT Si4 SE 9 auto Wagon,2017,21061453,"$3,650",VIC,,https://www.grays.com/lot/0001-21061453/motor-vehicles-motor-cycles/2017-land-rover-discovery-sport-si4-se-9-auto-wagon,1
2013 BMW 1 Series 118i F20 Automatic - 8 Speed Hatchback,2013,21061354,"$2,450",VIC,,https://www.grays.com/lot/0001-21061354/motor-vehicles-motor-cycles/2013-bmw-1-series-118i-f20-automatic-8-speed-hatchback,1
2014 Toyota HiAce KDH223R Turbo Diesel Automatic 14 Seats Bus,2014,21061400,"$1,600",VIC,,https://www.grays.com/lot/0001-21061400/motor-vehicles-motor-cycles/2014-toyota-hiace-kdh223r-turbo-diesel-automatic-14-seats-bus,1
2016 Holden Cruze SRi Z SERIES JH Automatic Sedan,2016,21061385,"$2,600",VIC,,https://www.grays.com/lot/0001-21061385/motor-vehicles-motor-cycles/2016-holden-cruze-sri-z-series-jh-automatic-sedan,1
2013 Toyota Camry Atara SL ASV50R Automatic Sedan,2013,21061382,"$2,000",VIC,,https://www.grays.com/lot/0001-21061382/motor-vehicles-motor-cycles/2013-toyota-camry-atara-sl-asv50r-automatic-sedan,1
2013 BMW 5 Series 520d F10 LCI Turbo Diesel Automatic - 8 Speed Sedan,2013,21061471,"$1,609",VIC,,https://www.grays.com/lot/0001-21061471/motor-vehicles-motor-cycles/2013-bmw-5-series-520d-f10-lci-turbo-diesel-automatic-8-speed-sedan,1
2015 Suzuki Grand Vitara GV3 NAVIGATOR JT Automatic Wagon,2015,21061417,"$1,600",VIC,,https://www.grays.com/lot/0001-21061417/motor-vehicles-motor-cycles/2015-suzuki-grand-vitara-gv3-navigator-jt-automatic-wagon,1
2010 Mazda 3 Maxx Sport BL Automatic Hatchback,2010,21061375,"$3,900",VIC,,https://www.grays.com/lot/0001-21061375/motor-vehicles-motor-cycles/2010-mazda-3-maxx-sport-bl-automatic-hatchback,1
2007 Honda Jazz GLi GD CVT Hatchback,2007,21061353,"$1,109",VIC,,https://www.grays.com/lot/0001-21061353/motor-vehicles-motor-cycles/2007-honda-jazz-gli-gd-cvt-hatchback,1
2008 Audi Q7 3.0 TDI quattro Turbo Diesel Automatic 7 Seats Wagon,2008,21061377,"$1,100",VIC,,https://www.grays.com/lot/0001-21061377/motor-vehicles-motor-cycles/2008-audi-q7-3-0-tdi-quattro-turbo-diesel-automatic-7-seats-wagon,1
2011 BMW 118i 118i F20 Automatic - 8 Speed Hatchback,2011,21061367,"$1,000",VIC,,https://www.grays.com/lot/0001-21061367/motor-vehicles-motor-cycles/2011-bmw-118i-118i-f20-automatic-8-speed-hatchback,1
2015 Audi A1 1.0 TFSI 8X Automatic Hatchback,2015,21061460,$909,VIC,,https://www.grays.com/lot/0001-21061460/motor-vehicles-motor-cycles/2015-audi-a1-1-0-tfsi-8x-automatic-hatchback,1
2013 Mercedes Benz B-CLASS B200 BE W246 Automatic Hatchback,2013,21061464,"$2,300",VIC,,https://www.grays.com/lot/0001-21061464/motor-vehicles-motor-cycles/2013-mercedes-benz-b-class-b200-be-w246-automatic-hatchback,1
2014 Mercedes Benz C200 BE S204 Automatic Wagon,2014,21061443,"$1,775",VIC,,https://www.grays.com/lot/0001-21061443/motor-vehicles-motor-cycles/2014-mercedes-benz-c200-be-s204-automatic-wagon,1
2013 Hyundai iMAX TQ Turbo Diesel Automatic 8 Seats People Mover,2013,21061394,"$2,700",VIC,,https://www.grays.com/lot/0001-21061394/motor-vehicles-motor-cycles/2013-hyundai-imax-tq-turbo-diesel-automatic-8-seats-people-mover,1
2008 Holden Commodore Lumina VE Automatic Sedan,2008,21061374,$309,VIC,,https://www.grays.com/lot/0001-21061374/motor-vehicles-motor-cycles/2008-holden-commodore-lumina-ve-automatic-sedan,2
2011 Mercedes Benz C180 BE C204 Automatic Coupe,2011,21061458,"$1,109",VIC,,https://www.grays.com/lot/0001-21061458/motor-vehicles-motor-cycles/2011-mercedes-benz-c180-be-c204-automatic-coupe,2
2011 Audi A6 2.8 FSI Quattro C7 Automatic Sedan,2011,21061348,"$4,000",VIC,,https://www.grays.com/lot/0001-21061348/motor-vehicles-motor-cycles/2011-audi-a6-2-8-fsi-quattro-c7-automatic-sedan,2
2014 Jeep Grand Cherokee Blackhawk LE (4x4) WK Turbo Diesel Auto,2014,21061361,"$1,009",VIC,,https://www.grays.com/lot/0001-21061361/motor-vehicles-motor-cycles/2014-jeep-grand-cherokee-blackhawk-le-4x4-wk-turbo-diesel-auto,2
2010 Toyota Corolla Ascent ZRE152R Automatic Sedan,2010,21061381,$909,VIC,,https://www.grays.com/lot/0001-21061381/motor-vehicles-motor-cycles/2010-toyota-corolla-ascent-zre152r-automatic-sedan,2
2014 Mercedes Benz A-Class A250 Sport W176 7 man Hatchback,2014,21061463,$809,VIC,,https://www.grays.com/lot/0001-21061463/motor-vehicles-motor-cycles/2014-mercedes-benz-a-class-a250-sport-w176-7-man-hatchback,2
2016 BMW 2 Series Active Tour 218i F45 Automatic Wagon,2016,21061389,$809,VIC,,https://www.grays.com/lot/0001-21061389/motor-vehicles-motor-cycles/2016-bmw-2-series-active-tour-218i-f45-automatic-wagon,2
2014 Ford Ranger XL 4X2 Hi-Rider PX Turbo Diesel Automatic Dual Cab,2014,21061339,$709,VIC,,https://www.grays.com/lot/0001-21061339/motor-vehicles-motor-cycles/2014-ford-ranger-xl-4x2-hi-rider-px-turbo-diesel-automatic-dual-cab,2
2014 Land Rover Range Rover Evoque TD4 PURE TECH Turbo Diesel 9 auto Wagon,2014,21061358,$613,VIC,,https://www.grays.com/lot/0001-21061358/motor-vehicles-motor-cycles/2014-land-rover-range-rover-evoque-td4-pure-tech-turbo-diesel-9-auto-wagon,2
2015 Mazda CX-5 Maxx Sport KE Turbo Diesel Automatic Wagon,2015,21061392,$609,VIC,,https://www.grays.com/lot/0001-21061392/motor-vehicles-motor-cycles/2015-mazda-cx-5-maxx-sport-ke-turbo-diesel-automatic-wagon,2
2010 Mitsubishi Lancer ES CJ CVT Sedan,2010,21061383,$509,VIC,,https://www.grays.com/lot/0001-21061383/motor-vehicles-motor-cycles/2010-mitsubishi-lancer-es-cj-cvt-sedan,2
2014 Mercedes Benz Sprinter 416 CDI MWB L/ROOF Turbo Diesel Automatic Van,2014,21061369,$509,VIC,,https://www.grays.com/lot/0001-21061369/motor-vehicles-motor-cycles/2014-mercedes-benz-sprinter-416-cdi-mwb-l-roof-turbo-diesel-automatic-van,2
2014 Audi A3 1.8 TFSI AMB quattro 8V Automatic Sedan,2014,21061349,$509,VIC,,https://www.grays.com/lot/0001-21061349/motor-vehicles-motor-cycles/2014-audi-a3-1-8-tfsi-amb-quattro-8v-automatic-sedan,2
2011 BMW X5 xDrive 40d SPORT E70 LCI Turbo Diesel Auto - 8 Speed 7 Seats,2011,21061351,"$1,350",VIC,,https://www.grays.com/lot/0001-21061351/motor-vehicles-motor-cycles/2011-bmw-x5-xdrive-40d-sport-e70-lci-turbo-diesel-auto-8-speed-7-seats,2
2010 BMW 3 Series 320d Lifestyle E90 Turbo Diesel Automatic Sedan,2010,21061359,$409,VIC,,https://www.grays.com/lot/0001-21061359/motor-vehicles-motor-cycles/2010-bmw-3-series-320d-lifestyle-e90-turbo-diesel-automatic-sedan,2
2014 Hyundai Santa Fe Highlander DM Turbo Diesel Automatic 7 Seats Wagon,2014,21061386,$509,VIC,,https://www.grays.com/lot/0001-21061386/motor-vehicles-motor-cycles/2014-hyundai-santa-fe-highlander-dm-turbo-diesel-automatic-7-seats-wagon,2
2007 Audi A4 2.0 B7 CVT Wagon,2007,21061378,$209,VIC,,https://www.grays.com/lot/0001-21061378/motor-vehicles-motor-cycles/2007-audi-a4-2-0-b7-cvt-wagon,2
2010 BMW X3 xDrive 20d F25 Turbo Diesel Automatic - 8 Speed Wagon,2010,21061441,$709,VIC,,https://www.grays.com/lot/0001-21061441/motor-vehicles-motor-cycles/2010-bmw-x3-xdrive-20d-f25-turbo-diesel-automatic-8-speed-wagon,2
2015 Renault Clio Authentique Manual Hatchback,2015,21061457,$609,VIC,,https://www.grays.com/lot/0001-21061457/motor-vehicles-motor-cycles/2015-renault-clio-authentique-manual-hatchback,2
2012 Ford Ranger XL 4X4 PX Turbo Diesel Manual Ute,2012,21061407,$309,VIC,,https://www.grays.com/lot/0001-21061407/motor-vehicles-motor-cycles/2012-ford-ranger-xl-4x4-px-turbo-diesel-manual-ute,2
2016 Holden Astra R BK Manual Hatchback,2016,21061430,"$1,509",VIC,,https://www.grays.com/lot/0001-21061430/motor-vehicles-motor-cycles/2016-holden-astra-r-bk-manual-hatchback,2
2015 Mitsubishi Lancer ES SPORT CF CVT Sedan,2015,21061434,$409,VIC,,https://www.grays.com/lot/0001-21061434/motor-vehicles-motor-cycles/2015-mitsubishi-lancer-es-sport-cf-cvt-sedan,2
2010 Mini Cooper S R56 Automatic Hatchback,2010,21061346,$409,VIC,,https://www.grays.com/lot/0001-21061346/motor-vehicles-motor-cycles/2010-mini-cooper-s-r56-automatic-hatchback,2
2015 Volkswagen GOLF ALLTRACK 132TSI A7 Automatic Wagon,2015,21061456,$309,VIC,,https://www.grays.com/lot/0001-21061456/motor-vehicles-motor-cycles/2015-volkswagen-golf-alltrack-132tsi-a7-automatic-wagon,2
2012 Holden Colorado 4X4 LTZ RG Turbo Diesel Automatic Dual Cab,2012,21061422,$309,VIC,,https://www.grays.com/lot/0001-21061422/motor-vehicles-motor-cycles/2012-holden-colorado-4x4-ltz-rg-turbo-diesel-automatic-dual-cab,2
2007 Land Rover Discovery SE SERIES 3 Automatic 7 Seats Wagon,2007,21061366,$309,VIC,,https://www.grays.com/lot/0001-21061366/motor-vehicles-motor-cycles/2007-land-rover-discovery-se-series-3-automatic-7-seats-wagon,2
2013 Volkswagen Touareg V6 TDI Automatic Wagon,2013,21061487,$209,VIC,,https://www.grays.com/lot/0001-21061487/motor-vehicles-motor-cycles/2013-volkswagen-touareg-v6-tdi-automatic-wagon,2
2013 Volvo XC60 T5 TEKNIK Automatic Wagon,2013,21061445,$209,VIC,,https://www.grays.com/lot/0001-21061445/motor-vehicles-motor-cycles/2013-volvo-xc60-t5-teknik-automatic-wagon,2
2009 Volvo XC90 3.2 R-Design Automatic 7 Seats Wagon,2009,21061376,$209,VIC,,https://www.grays.com/lot/0001-21061376/motor-vehicles-motor-cycles/2009-volvo-xc90-3-2-r-design-automatic-7-seats-wagon,2
2013 Nissan Dualis ST J10 III CVT Wagon,2013,21061370,$209,VIC,,https://www.grays.com/lot/0001-21061370/motor-vehicles-motor-cycles/2013-nissan-dualis-st-j10-iii-cvt-wagon,2
2013 BMW 3 Series 320d F30 Turbo Diesel Automatic - 8 Speed Sedan,2013,21061356,$209,VIC,,https://www.grays.com/lot/0001-21061356/motor-vehicles-motor-cycles/2013-bmw-3-series-320d-f30-turbo-diesel-automatic-8-speed-sedan,2
2015 Hyundai i30 Active X GD II Manual Hatchback,2015,21061372,$400,VIC,,https://www.grays.com/lot/0001-21061372/motor-vehicles-motor-cycles/2015-hyundai-i30-active-x-gd-ii-manual-hatchback,2
2014 Toyota Hilux 4X4 SR KUN26R Turbo Diesel Manual Extra Cab,2014,21061416,$209,VIC,,https://www.grays.com/lot/0001-21061416/motor-vehicles-motor-cycles/2014-toyota-hilux-4x4-sr-kun26r-turbo-diesel-manual-extra-cab,2
2011 Hyundai i20 Active PB Automatic Hatchback,2011,21061050,$209,VIC,,https://www.grays.com/lot/0001-21061050/motor-vehicles-motor-cycles/2011-hyundai-i20-active-pb-automatic-hatchback,2
2014 Holden Trax LS TJ Automatic Wagon,2014,21061489,$109,VIC,,https://www.grays.com/lot/0001-21061489/motor-vehicles-motor-cycles/2014-holden-trax-ls-tj-automatic-wagon,2
2013 Jeep Grand Cherokee OVERLAND WK Automatic - 8 Speed Wagon,2013,21061437,$109,VIC,,https://www.grays.com/lot/0001-21061437/motor-vehicles-motor-cycles/2013-jeep-grand-cherokee-overland-wk-automatic-8-speed-wagon,2
2008 Honda Civic VTi-L 8TH GEN Manual Sedan,2008,21061429,$109,VIC,,https://www.grays.com/lot/0001-21061429/motor-vehicles-motor-cycles/2008-honda-civic-vti-l-8th-gen-manual-sedan,2
2017 Toyota Camry ATARA S HYBRID AVV50R CVT Sedan,2017,21061427,$109,VIC,,https://www.grays.com/lot/0001-21061427/motor-vehicles-motor-cycles/2017-toyota-camry-atara-s-hybrid-avv50r-cvt-sedan,2
2017 Mitsubishi ASX LS 2WD XC CVT Wagon,2017,21061405,$109,VIC,,https://www.grays.com/lot/0001-21061405/motor-vehicles-motor-cycles/2017-mitsubishi-asx-ls-2wd-xc-cvt-wagon,2
2012 Subaru Forester X S3 Automatic Wagon,2012,21061365,$109,VIC,,https://www.grays.com/lot/0001-21061365/motor-vehicles-motor-cycles/2012-subaru-forester-x-s3-automatic-wagon,2
2013 Holden Cruze CD JH Manual Hatchback,2013,21061331,$109,VIC,,https://www.grays.com/lot/0001-21061331/motor-vehicles-motor-cycles/2013-holden-cruze-cd-jh-manual-hatchback,2
2009 Hyundai i30 SLX FD Turbo Diesel Automatic Hatchback,2009,21061452,$9,VIC,,https://www.grays.com/lot/0001-21061452/motor-vehicles-motor-cycles/2009-hyundai-i30-slx-fd-turbo-diesel-automatic-hatchback,2
2007 Toyota Corolla Ascent ZRE152R Automatic Sedan,2007,21061362,$9,VIC,,https://www.grays.com/lot/0001-21061362/motor-vehicles-motor-cycles/2007-toyota-corolla-ascent-zre152r-automatic-sedan,2
2011 Ford Territory Titanium SZ Turbo Diesel Automatic 7 Seats Wagon,2011,21061403,"$1,500",VIC,,https://www.grays.com/lot/0001-21061403/motor-vehicles-motor-cycles/2011-ford-territory-titanium-sz-turbo-diesel-automatic-7-seats-wagon,2
2013 Holden Sportwagon International VF Automatic Wagon,2013,21061432,$409,VIC,,https://www.grays.com/lot/0001-21061432/motor-vehicles-motor-cycles/2013-holden-sportwagon-international-vf-automatic-wagon,2
2016 Hyundai Accent Automatic Hatchback,2016,21061438,$300,VIC,,https://www.grays.com/lot/0001-21061438/motor-vehicles-motor-cycles/2016-hyundai-accent-automatic-hatchback,2
2016 Ford Ranger XL 4X2 Hi-Rider PX II Turbo Diesel Auto Crew Cab Chassis,2016,21061465,$209,VIC,,https://www.grays.com/lot/0001-21061465/motor-vehicles-motor-cycles/2016-ford-ranger-xl-4x2-hi-rider-px-ii-turbo-diesel-auto-crew-cab-chassis,2
2012 Volkswagen Polo 77TSI COMFORTLINE 6R Automatic Hatchback,2012,21061459,$209,VIC,,https://www.grays.com/lot/0001-21061459/motor-vehicles-motor-cycles/2012-volkswagen-polo-77tsi-comfortline-6r-automatic-hatchback,2
2014 Ford Ranger XL 4X2 Hi-Rider PX Turbo Diesel Automatic Dual Cab,2014,21061418,$209,VIC,,https://www.grays.com/lot/0001-21061418/motor-vehicles-motor-cycles/2014-ford-ranger-xl-4x2-hi-rider-px-turbo-diesel-automatic-dual-cab,2
2015 Mazda CX-5 Maxx Sport KE Turbo Diesel Automatic Wagon,2015,21061410,$209,VIC,,https://www.grays.com/lot/0001-21061410/motor-vehicles-motor-cycles/2015-mazda-cx-5-maxx-sport-ke-turbo-diesel-automatic-wagon,2
2016 Holden Cruze Z SERIES JH Automatic Hatchback,2016,21061368,"$1,000",VIC,,https://www.grays.com/lot/0001-21061368/motor-vehicles-motor-cycles/2016-holden-cruze-z-series-jh-automatic-hatchback,2
2009 Suzuki SX4 AWD GY Automatic Hatchback,2009,21061363,$209,VIC,,https://www.grays.com/lot/0001-21061363/motor-vehicles-motor-cycles/2009-suzuki-sx4-awd-gy-automatic-hatchback,2
2010 Kia Sportage Si SL Automatic SUV,2010,21061488,$109,VIC,,https://www.grays.com/lot/0001-21061488/motor-vehicles-motor-cycles/2010-kia-sportage-si-sl-automatic-suv,2
2008 Toyota Yaris Automatic Hatchback,2008,21061473,$109,VIC,,https://www.grays.com/lot/0001-21061473/motor-vehicles-motor-cycles/2008-toyota-yaris-automatic-hatchback,2
2013 Alfa Romeo Giulietta Manual Hatchback,2013,21061455,$109,VIC,,https://www.grays.com/lot/0001-21061455/motor-vehicles-motor-cycles/2013-alfa-romeo-giulietta-manual-hatchback,2
2015 Mitsubishi Lancer GSR SPORTBACK CJ CVT Hatchback,2015,21061425,$109,VIC,,https://www.grays.com/lot/0001-21061425/motor-vehicles-motor-cycles/2015-mitsubishi-lancer-gsr-sportback-cj-cvt-hatchback,2
2013 Holden Colorado 4X2 LX RG Turbo Diesel Automatic Dual Cab,2013,21061399,$109,VIC,,https://www.grays.com/lot/0001-21061399/motor-vehicles-motor-cycles/2013-holden-colorado-4x2-lx-rg-turbo-diesel-automatic-dual-cab,2
2009 Mitsubishi Express SWB SJ Manual Van,2009,21061408,$109,VIC,,https://www.grays.com/lot/0001-21061408/motor-vehicles-motor-cycles/2009-mitsubishi-express-swb-sj-manual-van,2
2014 Ford Kuga TITANIUM AWD TF II Automatic Wagon,2014,21061397,$109,VIC,,https://www.grays.com/lot/0001-21061397/motor-vehicles-motor-cycles/2014-ford-kuga-titanium-awd-tf-ii-automatic-wagon,2
Mercedes Benz Sprinter 516 CDI LWB Turbo Diesel Automatic Cab Chassis,,21061391,$109,VIC,,https://www.grays.com/lot/0001-21061391/motor-vehicles-motor-cycles/mercedes-benz-sprinter-516-cdi-lwb-turbo-diesel-automatic-cab-chassis,2
2013 Jeep Grand Cherokee OVERLAND WK Turbo Diesel Automatic - 8 Speed Wagon,2013,21061360,$109,VIC,,https://www.grays.com/lot/0001-21061360/motor-vehicles-motor-cycles/2013-jeep-grand-cherokee-overland-wk-turbo-diesel-automatic-8-speed-wagon,2
2008 Peugeot 307 Automatic Hatchback,2008,21061485,$9,VIC,,https://www.grays.com/lot/0001-21061485/motor-vehicles-motor-cycles/2008-peugeot-307-automatic-hatchback,2
2011 Hyundai iLoad TQ Turbo Diesel Manual Van,2011,21061483,$9,VIC,,https://www.grays.com/lot/0001-21061483/motor-vehicles-motor-cycles/2011-hyundai-iload-tq-turbo-diesel-manual-van,2
2007 Hyundai Getz S TB Automatic Hatchback,2007,21061480,$9,VIC,,https://www.grays.com/lot/0001-21061480/motor-vehicles-motor-cycles/2007-hyundai-getz-s-tb-automatic-hatchback,2
2013 Fiat Punto EASY Automatic Hatchback,2013,21061466,$9,VIC,,https://www.grays.com/lot/0001-21061466/motor-vehicles-motor-cycles/2013-fiat-punto-easy-automatic-hatchback,2
2013 Mitsubishi Mirage ES LA Manual Hatchback,2013,21061461,$9,VIC,,https://www.grays.com/lot/0001-21061461/motor-vehicles-motor-cycles/2013-mitsubishi-mirage-es-la-manual-hatchback,2
2013 Mazda CX-5 Grand Touring KE Turbo Diesel Automatic Wagon,2013,21061449,$9,VIC,,https://www.grays.com/lot/0001-21061449/motor-vehicles-motor-cycles/2013-mazda-cx-5-grand-touring-ke-turbo-diesel-automatic-wagon,2
2013 Audi Q5 3.0 TFSI Quattro 8R Automatic - 8 Speed Wagon,2013,21061451,$9,VIC,,https://www.grays.com/lot/0001-21061451/motor-vehicles-motor-cycles/2013-audi-q5-3-0-tfsi-quattro-8r-automatic-8-speed-wagon,2
2008 Mitsubishi Lancer VRX CJ CVT Sedan,2008,21061450,$9,VIC,,https://www.grays.com/lot/0001-21061450/motor-vehicles-motor-cycles/2008-mitsubishi-lancer-vrx-cj-cvt-sedan,2
2012 Nissan Navara 4x4 ST-X550 D40 Turbo Diesel Automatic Dual Cab,2012,21061447,$9,VIC,,https://www.grays.com/lot/0001-21061447/motor-vehicles-motor-cycles/2012-nissan-navara-4x4-st-x550-d40-turbo-diesel-automatic-dual-cab,2
2013 Jeep Grand Cherokee Limited WK Turbo Diesel Automatic - 8 Speed Wagon,2013,21061446,$9,VIC,,https://www.grays.com/lot/0001-21061446/motor-vehicles-motor-cycles/2013-jeep-grand-cherokee-limited-wk-turbo-diesel-automatic-8-speed-wagon,2
2014 Holden Cruze CD JH Automatic Hatchback,2014,21061440,$9,VIC,,https://www.grays.com/lot/0001-21061440/motor-vehicles-motor-cycles/2014-holden-cruze-cd-jh-automatic-hatchback,2
2009 Mitsubishi Outlander Automatic Wagon,2009,21061439,$9,VIC,,https://www.grays.com/lot/0001-21061439/motor-vehicles-motor-cycles/2009-mitsubishi-outlander-automatic-wagon,2
2013 Dodge Journey R/T Automatic 7 Seats People Mover,2013,21061435,$9,VIC,,https://www.grays.com/lot/0001-21061435/motor-vehicles-motor-cycles/2013-dodge-journey-r-t-automatic-7-seats-people-mover,2
2012 Great Wall X200 4X4 Turbo Diesel Automatic Wagon,2012,21061433,$9,VIC,,https://www.grays.com/lot/0001-21061433/motor-vehicles-motor-cycles/2012-great-wall-x200-4x4-turbo-diesel-automatic-wagon,2
2012 Toyota HiAce LWB KDH201R Turbo Diesel Manual Van,2012,21061431,$9,VIC,,https://www.grays.com/lot/0001-21061431/motor-vehicles-motor-cycles/2012-toyota-hiace-lwb-kdh201r-turbo-diesel-manual-van,2
2014 Hyundai i30 TROPHY GD Manual Hatchback,2014,21061428,$9,VIC,,https://www.grays.com/lot/0001-21061428/motor-vehicles-motor-cycles/2014-hyundai-i30-trophy-gd-manual-hatchback,2
2009 Mazda 2 NEO SAFETY PACK DE Manual Hatchback,2009,21061426,$9,2009 Mazda 2 NEO SAFETY PACK DE Manual Hatchback,,https://www.grays.com/lot/0001-21061426/motor-vehicles-motor-cycles/2009-mazda-2-neo-safety-pack-de-manual-hatchback,2
2008 Suzuki Swift EZ Manual Hatchback,2008,21061415,$9,VIC,,https://www.grays.com/lot/0001-21061415/motor-vehicles-motor-cycles/2008-suzuki-swift-ez-manual-hatchback,2
2013 Holden Barina Spark CD MJ Manual Hatchback,2013,21061398,$9,VIC,,https://www.grays.com/lot/0001-21061398/motor-vehicles-motor-cycles/2013-holden-barina-spark-cd-mj-manual-hatchback,2
2010 Mazda Mazda3 Manual Hatchback,2010,21061395,$9,VIC,,https://www.grays.com/lot/0001-21061395/motor-vehicles-motor-cycles/2010-mazda-mazda3-manual-hatchback,3
2017 Holden Trax LT TJ Automatic Wagon,2017,21061413,$9,VIC,,https://www.grays.com/lot/0001-21061413/motor-vehicles-motor-cycles/2017-holden-trax-lt-tj-automatic-wagon,3
2010 Toyota Camry Altise ACV40R Automatic Sedan,2010,21061393,$9,VIC,,https://www.grays.com/lot/0001-21061393/motor-vehicles-motor-cycles/2010-toyota-camry-altise-acv40r-automatic-sedan,3
2009 Nissan Murano TI Z51 CVT Wagon,2009,21061409,$9,VIC,,https://www.grays.com/lot/0001-21061409/motor-vehicles-motor-cycles/2009-nissan-murano-ti-z51-cvt-wagon,3
2014 Jeep Cherokee Longitude (4x4) KL Automatic Wagon,2014,21061406,$9,VIC,,https://www.grays.com/lot/0001-21061406/motor-vehicles-motor-cycles/2014-jeep-cherokee-longitude-4x4-kl-automatic-wagon,3
2010 Hyundai i30cw SX FD Turbo Diesel Automatic Wagon,2010,21061357,$9,VIC,,https://www.grays.com/lot/0001-21061357/motor-vehicles-motor-cycles/2010-hyundai-i30cw-sx-fd-turbo-diesel-automatic-wagon,3
2013 Nissan Altima Ti-S L33 CVT Sedan,2013,21061364,$9,VIC,,https://www.grays.com/lot/0001-21061364/motor-vehicles-motor-cycles/2013-nissan-altima-ti-s-l33-cvt-sedan,3
2015 Holden Cruze CD JH Automatic Sedan,2015,21061350,$9,VIC,,https://www.grays.com/lot/0001-21061350/motor-vehicles-motor-cycles/2015-holden-cruze-cd-jh-automatic-sedan,3
2008 Mercedes Benz ML320CDI W164 Turbo Diesel Automatic Wagon,2008,21061347,$9,VIC,,https://www.grays.com/lot/0001-21061347/motor-vehicles-motor-cycles/2008-mercedes-benz-ml320cdi-w164-turbo-diesel-automatic-wagon,3
2013 Jeep Grand Cherokee Laredo WK Automatic - 8 Speed Wagon,2013,21061345,$9,VIC,,https://www.grays.com/lot/0001-21061345/motor-vehicles-motor-cycles/2013-jeep-grand-cherokee-laredo-wk-automatic-8-speed-wagon,3
2016 Nissan Pathfinder ST-L R52 CVT 7 Seats Wagon,2016,21061211,$9,VIC,,https://www.grays.com/lot/0001-21061211/motor-vehicles-motor-cycles/2016-nissan-pathfinder-st-l-r52-cvt-7-seats-wagon,3
2010 Mercedes Benz C200 CGI W204 Automatic Sedan,2010,21061176,$9,VIC,,https://www.grays.com/lot/0001-21061176/motor-vehicles-motor-cycles/2010-mercedes-benz-c200-cgi-w204-automatic-sedan,3
2013 Mazda 3 Neo BL Automatic Hatchback,2013,21061141,$9,VIC,,https://www.grays.com/lot/0001-21061141/motor-vehicles-motor-cycles/2013-mazda-3-neo-bl-automatic-hatchback,3
