Trade#,Rank,Strategy,TotalPnL_Percent,WinRate_Percent,TokenAddress,TokenSymbol,TokenName,Chain,Caller,AlertTime,EntryPrice,ExitPrice,PnL_Multiplier,PnL_Percent,Max_Multiplier_Reached,HoldDuration_Minutes,TimeToAth_Minutes,CandlesCount
1,3,Strategy_3949,52.24,11.76,LarJmR9bQNUGUNPWaQ2tb6KrBT5DYMtpuuL9W7ELg5w,UNKNOWN,Unknown Token,solana,Unknown,2025-07-20T12:56:43.000Z,0.00003296,0.00001978,0.6000,-40.00,3.1979,10020,115,234
2,3,Strategy_3949,52.24,11.76,HjsZ73QxNbXoUnyXXffoXn6kHUKQqdy6GXd4J1N4shot,UNKNOWN,Unknown Token,solana,Unknown,2025-07-20T21:08:14.000Z,0.00167487,0.00100492,0.6000,-40.00,1.7532,10070,1070,689
3,3,Strategy_3949,52.24,11.76,2Pqk7MiMcQWEbXRLz8WPDF3tFkKuumobn7B69i3uEeTe,UNKNOWN,Unknown Token,solana,Unknown,2025-07-21T15:12:53.000Z,0.00002808,0.00001685,0.6000,-40.00,5.5523,10065,85,234
4,3,Strategy_3949,52.24,11.76,G85CQEBqwsoe3qkb5oXXpdZFh7uhYXhDRsQAM4aJuBLV,UNKNOWN,Unknown Token,solana,Unknown,2025-07-21T20:13:54.000Z,0.00758569,0.00768462,1.0130,1.30,1.6076,10065,1125,234
5,3,Strategy_3949,52.24,11.76,3MrwYcAvGNNtMcHwscSqFQJ3qhMpKwxZCbprYrz1RYWi,UNKNOWN,Unknown Token,solana,Unknown,2025-07-22T16:35:54.000Z,0.00062566,0.00037540,0.6000,-40.00,3.2771,10040,1160,234
6,3,Strategy_3949,52.24,11.76,y31hFyYbrVW4R53Zfka8WJfQpwpMLfCcAjVKAonpump,UNKNOWN,Unknown Token,solana,Unknown,2025-07-24T11:25:57.000Z,0.00041405,0.00024843,0.6000,-40.00,1.1151,10050,60,234
7,3,Strategy_3949,52.24,11.76,HY9af7cfvWjyWVxc6mUcqVt4be1NWk2TawjwuSbujups,UNKNOWN,Unknown Token,solana,Unknown,2025-07-26T20:30:08.000Z,0.00083525,0.00050115,0.6000,-40.00,1.2854,10045,865,234
8,3,Strategy_3949,52.24,11.76,5BuqrxLTaWpazYKrh4dz1mCiMNj4WCHiU8ZKnoEDjups,UNKNOWN,Unknown Token,solana,Unknown,2025-07-27T19:32:00.000Z,0.01236483,0.00741890,0.6000,-40.00,1.0993,10045,0,234
9,3,Strategy_3949,52.24,11.76,2uaTpSujZBYwBZNXusmW7PqM8Vi4qwbyotnfWhaN9oT9,UNKNOWN,Unknown Token,solana,Unknown,2025-07-28T00:28:59.000Z,0.00357193,0.00214316,0.6000,-40.00,2.2559,10050,40,234
10,3,Strategy_3949,52.24,11.76,9AfZdS6orGRi6ey4mMwyRnU2yZ6SzMZxcpMroE4rjups,UNKNOWN,Unknown Token,solana,Unknown,2025-07-28T07:39:54.000Z,0.00066678,0.00040007,0.6000,-40.00,1.3766,10040,5,234
11,3,Strategy_3949,52.24,11.76,dgU3DSSTFyHx4j5MKx94V3BB6jMse7EQpGDi6zUuULt,UNKNOWN,Unknown Token,solana,Unknown,2025-07-28T16:06:47.000Z,0.00105325,0.00063195,0.6000,-40.00,2.5047,10070,50,635
12,3,Strategy_3949,52.24,11.76,5hUL8iHMXcUj9AS7yBErJmmTXyRvbdwwUqbtB2udjups,UNKNOWN,Unknown Token,solana,Unknown,2025-07-31T06:52:57.000Z,0.00240579,0.00144347,0.6000,-40.00,1.1612,10025,135,234
13,3,Strategy_3949,52.24,11.76,6pcSWu35Dw4qZjtcn1sdeSHXzxNaY3JVege6xn59DEpQ,UNKNOWN,Unknown Token,solana,Unknown,2025-07-31T18:17:10.000Z,0.00021395,0.00012837,0.6000,-40.00,1.4173,10060,25,234
14,3,Strategy_3949,52.24,11.76,76jtf8RVt6e8aMfVRvYXoV2iBggqMXotEyUjmAHdjups,UNKNOWN,Unknown Token,solana,Unknown,2025-08-02T01:13:10.000Z,0.00014778,0.00008867,0.6000,-40.00,1.3746,10065,5,234
15,3,Strategy_3949,52.24,11.76,9mAnyxAq8JQieHT7Lc47PVQbTK7ZVaaog8LwAbFzBAGS,UNKNOWN,Unknown Token,solana,Unknown,2025-08-02T11:56:04.000Z,0.00187315,0.00112389,0.6000,-40.00,2.9878,10020,600,1153
16,3,Strategy_3949,52.24,11.76,JD5GYKm5dQ7JbTagEvddDuk671VzZdGtDpQt2MM6y8RH,UNKNOWN,Unknown Token,solana,Unknown,2025-08-02T22:15:21.000Z,0.00004441,0.00002665,0.6000,-40.00,2.1065,10060,120,234
17,3,Strategy_3949,52.24,11.76,9a5DxpveEUcPKjcULbHU1YMDq5FwUZFtPLxw6YRGBAGS,UNKNOWN,Unknown Token,solana,Unknown,2025-08-03T09:45:59.000Z,0.00012984,0.00007790,0.6000,-40.00,1.2278,10030,5,234
18,3,Strategy_3949,52.24,11.76,5Ste2CMTfyJt2eu1uFYLKrZXTLpAfQ5JEqem2eTjjups,UNKNOWN,Unknown Token,solana,Unknown,2025-08-04T08:37:26.000Z,0.00131718,0.00079031,0.6000,-40.00,1.4425,10040,250,234
19,3,Strategy_3949,52.24,11.76,5zCETicUCJqJ5Z3wbfFPZqtSpHPYqnggs1wX7ZRpump,UNKNOWN,Unknown Token,solana,Unknown,2025-08-05T08:09:46.000Z,0.00033195,0.04812200,144.9674,14396.74,223.8418,10070,9590,2994
20,3,Strategy_3949,52.24,11.76,5UUH9RTDiSpq6HKS6bp4NdU9PNJpXRXuiw6ShBTBhgH2,UNKNOWN,Unknown Token,solana,Unknown,2025-08-05T11:44:36.000Z,0.11614992,0.16565511,1.4262,42.62,2.2275,10035,5595,445
21,3,Strategy_3949,52.24,11.76,7oLWGMuGbBm9uwDmffSdxLE98YChFAH1UdY5XpKYLff8,UNKNOWN,Unknown Token,solana,Unknown,2025-08-05T14:32:52.000Z,0.00256921,0.00154153,0.6000,-40.00,4.4064,10045,1345,438
22,3,Strategy_3949,52.24,11.76,DHNfLi9ad4L9ebZZ6MPcmJbezBcs5ksCx9JFFf1LmF2N,UNKNOWN,Unknown Token,solana,Unknown,2025-08-05T20:27:30.000Z,0.00021490,0.00012894,0.6000,-40.00,1.3615,10050,0,234
23,3,Strategy_3949,52.24,11.76,5ghpHpgiew7WuuKY1f3CSMgGHmDiZUeMjZrgDrfzBAGS,UNKNOWN,Unknown Token,solana,Unknown,2025-08-05T20:52:24.000Z,0.00158346,0.00095007,0.6000,-40.00,1.1976,10025,4805,234
24,3,Strategy_3949,52.24,11.76,ArzbUA9b1dq47j4RaFR728Fxkvb5hDBDLd7GJtwWpump,UNKNOWN,Unknown Token,solana,Unknown,2025-08-06T10:26:02.000Z,0.00006350,0.00003810,0.6000,-40.00,1.9504,10050,0,234
25,3,Strategy_3949,52.24,11.76,83xk8Zz5nwq5W6RkEPJLwPL9rr951xt8XjSDha9irzK5,UNKNOWN,Unknown Token,solana,Unknown,2025-08-07T06:46:23.000Z,0.00001296,0.00001254,0.9677,-3.23,23.4902,10030,7510,234
26,3,Strategy_3949,52.24,11.76,Cz7LGKdZPpAxonXx23ZYPW3RtDQvjcf17ZDCZEzFpump,UNKNOWN,Unknown Token,solana,Unknown,2025-08-07T13:02:39.000Z,0.00011765,0.00007059,0.6000,-40.00,1.5299,10075,80,234
27,3,Strategy_3949,52.24,11.76,CMx7yon2cLzHcXqgHsKJhuU3MmME6noWLQk2rAycBAGS,UNKNOWN,Unknown Token,solana,Unknown,2025-08-07T16:42:56.000Z,0.00797416,0.00478449,0.6000,-40.00,1.5885,10035,230,234
28,3,Strategy_3949,52.24,11.76,ESBCnCXtEZDmX8QnHU6qMZXd9mvjSAZVoYaLKKADBAGS,UNKNOWN,Unknown Token,solana,Unknown,2025-08-07T22:59:21.000Z,0.00318168,0.00396870,1.2474,24.74,7.2380,10020,3000,1577
29,3,Strategy_3949,52.24,11.76,2kBaWJjNf2XiEWjg4qhWtTXoVN5EvJAvZPv8vyWB8A4M,UNKNOWN,Unknown Token,solana,Unknown,2025-08-07T23:49:19.000Z,0.00008628,0.00005177,0.6000,-40.00,2.9637,10030,610,468
30,3,Strategy_3949,52.24,11.76,7obhQyME8iSNktCbCAtiLCpgv3cVqW1PWd31v4Egpump,UNKNOWN,Unknown Token,solana,Unknown,2025-08-08T13:13:59.000Z,0.00340697,0.00204418,0.6000,-40.00,1.0477,10065,5,402
31,3,Strategy_3949,52.24,11.76,4H2Qjr8rsCj5MpaJXoVyJUC6XkaDupqEAre3r4JqBAGS,UNKNOWN,Unknown Token,solana,Unknown,2025-08-08T15:23:20.000Z,0.00044145,0.00026487,0.6000,-40.00,1.3391,10055,0,931
32,3,Strategy_3949,52.24,11.76,8J4oASLBU8WdTgeRP4wiucCH4Cpn272R47W9JmduBAGS,UNKNOWN,Unknown Token,solana,Unknown,2025-08-09T00:31:37.000Z,0.00020862,0.00012517,0.6000,-40.00,1.7041,10045,625,465
33,3,Strategy_3949,52.24,11.76,HHxGTfXuv5hL1b1k8FWf4jrafBjs2VLdi6KjrBhPpump,UNKNOWN,Unknown Token,solana,Unknown,2025-08-09T23:11:01.000Z,0.00018768,0.00011261,0.6000,-40.00,1.2414,10065,0,465
34,3,Strategy_3949,52.24,11.76,92ZcT2413ZboNzdZFzq2mrqXZeu99wc5kx2fgjMgpump,UNKNOWN,Unknown Token,solana,Unknown,2025-08-10T11:01:27.000Z,0.00058089,0.00034854,0.6000,-40.00,1.1137,10075,40,402
35,3,Strategy_3949,52.24,11.76,FYXnJhgLmhcELqsKyAfdKZExFfA7gaskQa5TuEZE9RZT,UNKNOWN,Unknown Token,solana,Unknown,2025-08-10T15:49:06.000Z,0.00101699,0.00061019,0.6000,-40.00,1.1751,10030,130,635
36,3,Strategy_3949,52.24,11.76,FTggXu7nYowpXjScSw7BZjtZDXywLNjK88CGhydDGgMS,UNKNOWN,Unknown Token,solana,Unknown,2025-08-11T12:58:20.000Z,0.00037506,0.00022503,0.6000,-40.00,16.0746,10020,1020,458
37,3,Strategy_3949,52.24,11.76,3gLJDi8BnPQRhGGuY8PCrZbUG9ZDvKxj8SKh7gPMiqgS,UNKNOWN,Unknown Token,solana,Unknown,2025-08-11T17:27:14.000Z,0.00058445,0.00035067,0.6000,-40.00,1.6018,10050,1710,234
38,3,Strategy_3949,52.24,11.76,H8xQ6poBjB9DTPMDTKWzWPrnxu4bDEhybxiouF8Ppump,UNKNOWN,Unknown Token,solana,Unknown,2025-08-11T17:59:17.000Z,0.06378801,0.05532745,0.8674,-13.26,1.2222,10020,6360,402
39,3,Strategy_3949,52.24,11.76,zJQQ2zZ5ggJKXBpaNNxJdmB2JJodJJvudQUbyZQpump,UNKNOWN,Unknown Token,solana,Unknown,2025-08-11T22:35:46.000Z,0.00140323,0.00084194,0.6000,-40.00,1.6700,10040,75,919
40,3,Strategy_3949,52.24,11.76,C6TSrLYAqL8RRMU9hrSZAzY49bCiyXH1TGVYpAF4LpaQ,UNKNOWN,Unknown Token,solana,Unknown,2025-08-12T11:55:24.000Z,0.00004165,0.00002499,0.6000,-40.00,1.2326,10020,0,234
41,3,Strategy_3949,52.24,11.76,9VyGv7D8YTiWN4ci1WSNVpAZmAtc6cxrbMs3F7FK6VLA,UNKNOWN,Unknown Token,solana,Unknown,2025-08-12T14:36:50.000Z,0.00004261,0.00002556,0.6000,-40.00,1.3204,10040,60,234
42,3,Strategy_3949,52.24,11.76,Boun7CYwd668AbxSQDNTijzEmweY91cW6DKuwAbJBAGS,UNKNOWN,Unknown Token,solana,Unknown,2025-08-12T14:52:35.000Z,0.00015374,0.00009225,0.6000,-40.00,2.5019,10025,845,695
43,3,Strategy_3949,52.24,11.76,Dk3eGnQcc17xJzGib8xHDovL5UjPWZDvTZXXzf6Mpump,UNKNOWN,Unknown Token,solana,Unknown,2025-08-12T22:20:07.000Z,0.00016526,0.00009916,0.6000,-40.00,1.1494,10055,0,234
44,3,Strategy_3949,52.24,11.76,BVPVnNJ7AjYscfdJrUPV7P6XFEkVDo1YnJMin7YoBAGS,UNKNOWN,Unknown Token,solana,Unknown,2025-08-12T23:10:13.000Z,0.00014014,0.00008409,0.6000,-40.00,1.1644,10065,0,234
45,3,Strategy_3949,52.24,11.76,5V1HCmgWNR4FdJmhy5ny2kdxsoB2NPrV9LX4d3GXpump,UNKNOWN,Unknown Token,solana,Unknown,2025-08-13T06:32:34.000Z,0.00004687,0.00002812,0.6000,-40.00,2.9458,10045,385,234
46,3,Strategy_3949,52.24,11.76,EuwaFjov8s9EMsQ3EYF55S9HnGxShB9w3WvrpV8rpump,UNKNOWN,Unknown Token,solana,Unknown,2025-08-14T02:21:42.000Z,0.00027005,0.00016203,0.6000,-40.00,1.5203,10055,25,234
47,3,Strategy_3949,52.24,11.76,32nNtYR8h8rRBKv8JQd2PM1XroBh8rQica5JWmgpBAGS,UNKNOWN,Unknown Token,solana,Unknown,2025-08-14T19:44:10.000Z,0.00119559,0.00071736,0.6000,-40.00,1.1390,10035,15,402
48,3,Strategy_3949,52.24,11.76,BGQeuBCLEtLzBD9QUMykinkY5XXNk7oK3Xiem92opump,UNKNOWN,Unknown Token,solana,Unknown,2025-08-14T20:08:17.000Z,0.00015298,0.00009179,0.6000,-40.00,5.5541,10070,20,234
49,3,Strategy_3949,52.24,11.76,G1DXVVmqJs8Ei79QbK41dpgk2WtXSGqLtx9of7o8BAGS,UNKNOWN,Unknown Token,solana,Unknown,2025-08-14T22:16:52.000Z,0.00658731,0.00395238,0.6000,-40.00,1.5930,10060,0,699
50,3,Strategy_3949,52.24,11.76,CH29CmCw1HK5ennwEFu7RGbbguUWwno81zxk9S5pump,UNKNOWN,Unknown Token,solana,Unknown,2025-08-15T14:25:50.000Z,0.00021285,0.00012771,0.6000,-40.00,1.8263,10050,10,455
51,3,Strategy_3949,52.24,11.76,EZC9he3789GZK4teWj2uDniP86cPiqHrC12ea7qLpump,UNKNOWN,Unknown Token,solana,Unknown,2025-08-15T18:35:49.000Z,0.00004627,0.00002776,0.6000,-40.00,6.2748,10040,85,234
52,3,Strategy_3949,52.24,11.76,3hFEAFfPBgquhPcuQYJWufENYg9pjMDvgEEsv4jxpump,UNKNOWN,Unknown Token,solana,Unknown,2025-08-16T08:42:38.000Z,0.00020935,0.00034471,1.6466,64.66,8.6150,10035,6675,468
53,3,Strategy_3949,52.24,11.76,98grnXKE6oaymTBUnhkurXzXUYfFbkzzzVwEzFxSpump,UNKNOWN,Unknown Token,solana,Unknown,2025-08-16T12:13:51.000Z,0.00002074,0.00001244,0.6000,-40.00,2.6398,10065,180,467
54,3,Strategy_3949,52.24,11.76,6Hi2PPiqkwYBY2vxbn1oasbTknvsWRZvNL3PjKZnpump,UNKNOWN,Unknown Token,solana,Unknown,2025-08-16T12:27:06.000Z,0.00405962,0.00243577,0.6000,-40.00,1.3387,10050,50,457
55,3,Strategy_3949,52.24,11.76,EaDVr42iPXmaWYeZ4zoGfPhw7r449FymN9vfGntDpump,UNKNOWN,Unknown Token,solana,Unknown,2025-08-16T18:37:43.000Z,0.00003865,0.00002319,0.6000,-40.00,1.0015,10040,0,234
56,3,Strategy_3949,52.24,11.76,8D9CZBsMocuJ8bdnpegGE8auHdFQ1Ez5F66wWAFv3WcN,UNKNOWN,Unknown Token,solana,Unknown,2025-08-17T10:09:49.000Z,0.00066706,0.00041385,0.6204,-37.96,1.1372,10070,5,234
57,3,Strategy_3949,52.24,11.76,J8EcXP9L3YqGf1VWkXhRjPHnq4UJ6QHRaQEZayBciaxT,UNKNOWN,Unknown Token,solana,Unknown,2025-08-17T18:33:58.000Z,0.00045739,0.00027443,0.6000,-40.00,1.4136,10045,30,433
58,3,Strategy_3949,52.24,11.76,HoQYRCnUeyZZyFiPtYDw48kHyGwjsaUXJxDVtxcK4yPg,UNKNOWN,Unknown Token,solana,Unknown,2025-08-17T18:34:35.000Z,0.00222515,0.00133509,0.6000,-40.00,1.0262,10045,10,570
59,3,Strategy_3949,52.24,11.76,EG6WeiR2DymUVVjNHEU4MEJXmWnzXJhk3JerRy4gpump,UNKNOWN,Unknown Token,solana,Unknown,2025-08-17T19:51:44.000Z,0.00151143,0.00090686,0.6000,-40.00,1.7952,10025,1865,855
60,3,Strategy_3949,52.24,11.76,GGQnvZju6xqvgGU5BN3rnKnQ5H4LyKRLBy25LGeDpump,UNKNOWN,Unknown Token,solana,Unknown,2025-08-18T02:55:26.000Z,0.00005606,0.00003364,0.6000,-40.00,1.6470,10020,5,234
61,3,Strategy_3949,52.24,11.76,HhJ5gsWi1nvDFza5MNxNvjjx6bsx1mPUdRvpMCtzL777,UNKNOWN,Unknown Token,solana,Unknown,2025-08-19T16:26:14.000Z,0.00006372,0.00003823,0.6000,-40.00,4.2367,10050,135,444
62,3,Strategy_3949,52.24,11.76,4LRePMApBS2HFfX4ZDZK61n87CJ7rAMuN8ZHNQQXjupx,UNKNOWN,Unknown Token,solana,Unknown,2025-08-19T19:15:57.000Z,0.00019143,0.00052020,2.7174,171.74,3.5463,10060,7000,234
63,3,Strategy_3949,52.24,11.76,Co4692bPPQXAqqxSLAeTTvF1bnhY26FUWt2YuWQPBgfU,UNKNOWN,Unknown Token,solana,Unknown,2025-08-19T23:24:45.000Z,0.00078323,0.00075664,0.9661,-3.39,1.9260,10055,5075,380
64,3,Strategy_3949,52.24,11.76,5SmTatunpUm5ob6CKa1qx3bE5xJo8bpavno7iqokpump,UNKNOWN,Unknown Token,solana,Unknown,2025-08-20T11:51:46.000Z,0.00004948,0.00002969,0.6000,-40.00,1.1540,10025,105,234
65,3,Strategy_3949,52.24,11.76,6XfcSDmRXm8EipmbygHJi2tWwUdCCKEGjEsKQeL9pump,UNKNOWN,Unknown Token,solana,Unknown,2025-08-20T13:15:34.000Z,0.00022280,0.00013368,0.6000,-40.00,1.7626,10060,0,234
66,3,Strategy_3949,52.24,11.76,6pvtv14ye2nvxqCR8fc8y7TTU6SkLGyaSVnVNS9V6777,UNKNOWN,Unknown Token,solana,Unknown,2025-08-20T16:49:50.000Z,0.00514319,0.00308592,0.6000,-40.00,1.5689,10030,670,234
67,3,Strategy_3949,52.24,11.76,HcTwgEvBYzopr3LYXqikFpf37XhtPYVwkibCqvM3H8sV,UNKNOWN,Unknown Token,solana,Unknown,2025-08-20T17:33:38.000Z,0.00006083,0.00006870,1.1294,12.94,13.7078,10045,85,700
68,3,Strategy_3949,52.24,11.76,4hPn7KMF8CT6dDWVMC8adPW4hXqTgdtRtnmqcqSM4777,UNKNOWN,Unknown Token,solana,Unknown,2025-08-20T18:22:43.000Z,0.00017726,0.00010635,0.6000,-40.00,1.0188,10055,5,234
69,3,Strategy_3949,52.24,11.76,9Xw3areGS4XkLi16WJWTSdvLXxvv57An9czTwZBfpump,UNKNOWN,Unknown Token,solana,Unknown,2025-08-20T18:40:07.000Z,0.00010108,0.00018121,1.7927,79.27,3.0176,10035,120,468
70,3,Strategy_3949,52.24,11.76,i1f1o1sxUeqizm8pGTnvcF859QdvwPEAQnA935fpump,UNKNOWN,Unknown Token,solana,Unknown,2025-08-20T18:40:30.000Z,0.00032355,0.00019413,0.6000,-40.00,1.4234,10035,15,234
71,3,Strategy_3949,52.24,11.76,EwEJ5R1im54MowvsGwYUkyfWRMV1qcRL21PumVd4pump,UNKNOWN,Unknown Token,solana,Unknown,2025-08-21T00:41:44.000Z,0.00013622,0.00008173,0.6000,-40.00,1.2504,10035,15,701
72,3,Strategy_3949,52.24,11.76,6d2Wze1KMUxQ28sFLrH9DKfgBXpUJSJYZaRbufucvBLV,UNKNOWN,Unknown Token,solana,Unknown,2025-08-22T13:45:04.000Z,0.00063454,0.00141806,2.2348,123.48,2.9529,10030,7750,234
73,3,Strategy_3949,52.24,11.76,97B5LdjdeqfAY7gPPt428GdpYFEJuxWgG83QgZpNpump,UNKNOWN,Unknown Token,solana,Unknown,2025-08-22T15:10:27.000Z,0.00027970,0.00016782,0.6000,-40.00,2.2424,10065,155,234
74,3,Strategy_3949,52.24,11.76,bS3Y8KCfYmMC93sSc4qQMivQzTu48qnZqjuYbUopump,UNKNOWN,Unknown Token,solana,Unknown,2025-08-22T20:49:08.000Z,0.00105014,0.00063008,0.6000,-40.00,1.5392,10030,260,234
75,3,Strategy_3949,52.24,11.76,7nsbGjYk85fkDk1uNFqVCyLZYtXxiZoLZncfLLC7pump,UNKNOWN,Unknown Token,solana,Unknown,2025-08-23T11:51:57.000Z,0.00016780,0.00010068,0.6000,-40.00,1.6457,10025,255,467
76,3,Strategy_3949,52.24,11.76,rWqaZ3KaJaiKtVEQo4nuEsxKKr2tHtoeYMf1vVveDjS,UNKNOWN,Unknown Token,solana,Unknown,2025-08-23T15:10:56.000Z,0.00035824,0.00021495,0.6000,-40.00,2.7824,10065,1305,460
77,3,Strategy_3949,52.24,11.76,5ryWMZbrfyjzrBKFYxAvon26FEwJZrtPiHQwb1jH8777,UNKNOWN,Unknown Token,solana,Unknown,2025-08-24T14:39:56.000Z,0.00040332,0.00024199,0.6000,-40.00,1.2258,10040,380,234
78,3,Strategy_3949,52.24,11.76,EJRs2ephB8kZX1w196DBt7q3uvLAVqs6LEVgXEwhpump,UNKNOWN,Unknown Token,solana,Unknown,2025-08-24T15:35:39.000Z,0.00129936,0.00077962,0.6000,-40.00,1.6729,10040,110,234
79,3,Strategy_3949,52.24,11.76,7woPKwozDM1mFeJAiJcEU8Fd3CvbYXVfwnC3W56RndFi,UNKNOWN,Unknown Token,solana,Unknown,2025-08-24T17:29:25.000Z,0.00485306,0.00291184,0.6000,-40.00,1.3472,10050,105,234
80,3,Strategy_3949,52.24,11.76,HeHzXrdq9mutDFJ2LEGu2fKp7jsnT2toCKfuPswypump,UNKNOWN,Unknown Token,solana,Unknown,2025-08-24T23:47:55.000Z,0.00019638,0.00011783,0.6000,-40.00,2.3827,10030,430,234
81,3,Strategy_3949,52.24,11.76,cFXwo8FqJxZeYNwrUf5xSABJZoCHnrtKiS7DaFyCoiN,UNKNOWN,Unknown Token,solana,Unknown,2025-08-24T23:48:07.000Z,0.29075626,0.30717094,1.0565,5.65,33.5160,10030,1090,462
82,3,Strategy_3949,52.24,11.76,FFgQ6kvsHKR4BVLohpmCA9MXeXPtxa7QaNWKpYjzpump,UNKNOWN,Unknown Token,solana,Unknown,2025-08-25T07:32:29.000Z,0.00002694,0.00001617,0.6000,-40.00,4.2112,10045,110,234
83,3,Strategy_3949,52.24,11.76,GEgsZXGhMGJbb9k6b7SaPss7wRW5WHwB12mLAjbdpump,UNKNOWN,Unknown Token,solana,Unknown,2025-08-25T09:06:01.000Z,0.00010709,0.00006425,0.6000,-40.00,1.3988,10070,50,234
84,3,Strategy_3949,52.24,11.76,J7CSUzsM2VfBUaeaer5aGVVLzzUoizBWF1vQX2NLpump,UNKNOWN,Unknown Token,solana,Unknown,2025-08-25T21:02:26.000Z,0.00029991,0.00017994,0.6000,-40.00,11.9982,10075,1135,234
85,3,Strategy_3949,52.24,11.76,5EkcKr582FkAPVnRmaDdnkekTtnNRzNNSxmQxqrFpump,UNKNOWN,Unknown Token,solana,Unknown,2025-08-25T23:57:18.000Z,0.00040538,0.00030951,0.7635,-23.65,2.0209,10020,840,677
86,3,Strategy_3949,52.24,11.76,44sVpouhWHXzADVsVUo863tvgmaw6LNQo25fYRs1pump,UNKNOWN,Unknown Token,solana,Unknown,2025-08-26T00:43:03.000Z,0.00083097,0.00049858,0.6000,-40.00,1.7896,10035,5,466
87,3,Strategy_3949,52.24,11.76,kLxcxtkxsrTXQnffM6QQBgv6SX3gYMVx9w14LZZpump,UNKNOWN,Unknown Token,solana,Unknown,2025-08-26T01:13:36.000Z,0.00020577,0.00012346,0.6000,-40.00,1.4090,10065,270,467
88,3,Strategy_3949,52.24,11.76,9uDHmr4h2R6h6mTdhdzXGsT6abRMfx8N3rQxRB2Fpump,UNKNOWN,Unknown Token,solana,Unknown,2025-08-26T07:30:16.000Z,0.00125989,0.00075593,0.6000,-40.00,1.9769,10045,290,690
89,3,Strategy_3949,52.24,11.76,CXbypcjnbV7A5b6XqfkUCUkLiD3czHXoxAsWBYa4pump,UNKNOWN,Unknown Token,solana,Unknown,2025-08-26T15:15:18.000Z,0.00048920,0.00029352,0.6000,-40.00,1.5557,10060,125,234
90,3,Strategy_3949,52.24,11.76,9am6SZQqUM5hMomurts3iuUQULEwqsSEdQSkVc9Vpump,UNKNOWN,Unknown Token,solana,Unknown,2025-08-26T15:34:57.000Z,0.00022437,0.00013462,0.6000,-40.00,1.2766,10045,0,234
91,3,Strategy_3949,52.24,11.76,5Tr7EC7GyzEg5AKrMYPHa61uGEFwMo5V1fRtnqpxpump,UNKNOWN,Unknown Token,solana,Unknown,2025-08-26T21:33:37.000Z,0.00000492,0.00000431,0.8756,-12.44,1.4487,10045,9805,234
92,3,Strategy_3949,52.24,11.76,DxiYSR3KTArNUyQWSXJKAxbu73NUKds64EG9dQNEpump,UNKNOWN,Unknown Token,solana,Unknown,2025-08-27T01:13:01.000Z,0.00181908,0.00109145,0.6000,-40.00,1.2805,10065,0,466
93,3,Strategy_3949,52.24,11.76,EPVXXm1NH7z9pxtuRff3LHt8bkY8Ui4BXT5eVTUS7EA3,UNKNOWN,Unknown Token,solana,Unknown,2025-08-27T09:04:03.000Z,0.00036566,0.00021940,0.6000,-40.00,1.8898,10075,835,234
94,3,Strategy_3949,52.24,11.76,B3zWuNcVQK9YVHngeDH7UFwsmudWnNhFn89T1AQcpump,UNKNOWN,Unknown Token,solana,Unknown,2025-08-27T14:59:14.000Z,0.00062942,0.00037765,0.6000,-40.00,4.6560,10020,55,701
95,3,Strategy_3949,52.24,11.76,CDnLCT7tNSubuQKdLwQjsKJQVsTS7YFfusHXDFQupump,UNKNOWN,Unknown Token,solana,Unknown,2025-08-27T20:53:32.000Z,0.00017567,0.00010540,0.6000,-40.00,1.1207,10025,0,234
96,3,Strategy_3949,52.24,11.76,51Yc9NkkNKMbo31XePni6ZFKMFz4d6H273M8CRhCpump,UNKNOWN,Unknown Token,solana,Unknown,2025-08-27T21:43:55.000Z,0.00042591,0.00025555,0.6000,-40.00,3.4830,10035,285,234
97,3,Strategy_3949,52.24,11.76,Ba8JAE3h9YUQnkMFEDdX261Zu8nWpYN7zhad7pYKdaos,UNKNOWN,Unknown Token,solana,Unknown,2025-08-27T23:04:05.000Z,0.00042716,0.00025629,0.6000,-40.00,1.4411,10075,475,234
98,3,Strategy_3949,52.24,11.76,6cyNW42LiScbpQAQfFMFJ3s4z4zcqXdPpSRKsjRJ8Lhv,UNKNOWN,Unknown Token,solana,Unknown,2025-08-28T10:48:14.000Z,0.00017835,0.00011417,0.6402,-35.98,1.5195,10030,7630,234
99,3,Strategy_3949,52.24,11.76,FvbZG7ApFyjM9tq4waRpANCws2qqPZCfb46qMqTDYtLw,UNKNOWN,Unknown Token,solana,Unknown,2025-08-29T09:02:49.000Z,0.00045467,0.00027280,0.6000,-40.00,1.8968,10075,415,234
100,3,Strategy_3949,52.24,11.76,EqGEH6P8BwcHN1xiErPMwWf4QT6f8ZHH58QcWif9pump,UNKNOWN,Unknown Token,solana,Unknown,2025-08-29T16:14:11.000Z,0.00044016,0.00026410,0.6000,-40.00,1.1456,10065,5,234
101,3,Strategy_3949,52.24,11.76,Hcn43x1SnXZrRD9f6tuzv94qT51QoRHhaG7ALK7wMGF,UNKNOWN,Unknown Token,solana,Unknown,2025-08-30T18:54:07.000Z,0.00026746,0.00016047,0.6000,-40.00,1.8963,10025,25,463
102,3,Strategy_3949,52.24,11.76,3sEE9zj79Tzrm7T8geAkzTQDdG4Me637d1aMi9fUpump,UNKNOWN,Unknown Token,solana,Unknown,2025-08-31T02:38:25.000Z,0.00003707,0.00002224,0.6000,-40.00,1.3072,10040,5,234
103,3,Strategy_3949,52.24,11.76,EuzDfT3XVdWXXDV3xfzpUkCsajm3yexr2KyQjsN3pump,UNKNOWN,Unknown Token,solana,Unknown,2025-09-01T05:48:25.000Z,0.00029012,0.00017407,0.6000,-40.00,1.3526,10030,15,234
104,3,Strategy_3949,52.24,11.76,51YWtFnA97ERyvbxhV6Qoxmkqe3H4g5DCr7P5MUpWiFE,UNKNOWN,Unknown Token,solana,Unknown,2025-09-01T12:06:14.000Z,0.00083652,0.00072442,0.8660,-13.40,2.1150,10070,8810,234
105,3,Strategy_3949,52.24,11.76,HMcQvSj8hEqdkbyPbEUmiU6mnu5k2Ki5y5J65ebpump,UNKNOWN,Unknown Token,solana,Unknown,2025-09-02T12:26:24.000Z,0.00013131,0.00007878,0.6000,-40.00,2.0350,10050,15,693
106,3,Strategy_3949,52.24,11.76,GGnJAYezJw5MhUg8u7RWnv1dqe7tj2rVrJJ1AmL8pump,UNKNOWN,Unknown Token,solana,Unknown,2025-09-02T18:54:49.000Z,0.00053346,0.00032008,0.6000,-40.00,1.5332,10025,0,234
107,3,Strategy_3949,52.24,11.76,D7Z2fUrxECBh91chmnou8u7E9Yaq7inzzcjg9G1Apump,UNKNOWN,Unknown Token,solana,Unknown,2025-09-02T21:28:54.000Z,0.00964816,0.00854570,0.8857,-11.43,1.2856,10050,2610,234
108,3,Strategy_3949,52.24,11.76,FDEF2U9geiWS7sdGPCUo2r1wGswkJr2mmVTECiH6pump,UNKNOWN,Unknown Token,solana,Unknown,2025-09-02T22:13:33.000Z,0.01830458,0.01098275,0.6000,-40.00,2.3257,10065,150,234
109,3,Strategy_3949,52.24,11.76,HGwdb6RQsMTqXpjBiy5BEAXHcpanmJr3c1Dj84r5pump,UNKNOWN,Unknown Token,solana,Unknown,2025-09-03T06:14:54.000Z,0.00025024,0.00045951,1.8363,83.63,9.6653,10065,1065,699
110,3,Strategy_3949,52.24,11.76,dh1yPPKTsqR25aVVpbp24rHTjc7VbyhFPGiQyrypump,UNKNOWN,Unknown Token,solana,Unknown,2025-09-03T21:12:38.000Z,0.00044363,0.00026618,0.6000,-40.00,1.3707,10065,525,402
111,3,Strategy_3949,52.24,11.76,FdpEvMwXM99WsCr5zwrQ5BqgQTSLULpewpXjfs7ABAGS,UNKNOWN,Unknown Token,solana,Unknown,2025-09-04T11:14:05.000Z,0.00108311,0.00083155,0.7677,-23.23,1.6077,10065,105,636
112,3,Strategy_3949,52.24,11.76,FfptCUbN78XmFB9A51Q9v4KGXJHiSkHV36dUfjVmpump,UNKNOWN,Unknown Token,solana,Unknown,2025-09-04T12:35:04.000Z,0.00094055,0.00056433,0.6000,-40.00,1.6362,10040,15,632
113,3,Strategy_3949,52.24,11.76,BFhwU8vyK4v1bm3uva4TXrrhN1md1eSpx75ah245oxSr,UNKNOWN,Unknown Token,solana,Unknown,2025-09-04T12:52:07.000Z,0.00027237,0.00016342,0.6000,-40.00,1.5959,10025,280,464
114,3,Strategy_3949,52.24,11.76,82knoLRwHvWQr3tBo2ExUumVCNMsY6Pi51UvRzmEpump,UNKNOWN,Unknown Token,solana,Unknown,2025-09-04T12:55:14.000Z,0.00007779,0.00004667,0.6000,-40.00,3.2165,10020,0,234
115,3,Strategy_3949,52.24,11.76,8nr9vtxmaRz6hc68wmr7kvVQe2iFYqJJnK6SykLXpump,UNKNOWN,Unknown Token,solana,Unknown,2025-09-04T18:23:26.000Z,0.00008159,0.00004895,0.6000,-40.00,1.7601,10055,0,234
116,3,Strategy_3949,52.24,11.76,GBUxQFRXQjSPjkxymAUKPfbUbSpRY8Ui7az1HCxtpump,UNKNOWN,Unknown Token,solana,Unknown,2025-09-06T11:48:38.000Z,0.00180177,0.00108106,0.6000,-40.00,1.2140,10030,15,234
117,3,Strategy_3949,52.24,11.76,BV3PUxYhLs1X859A8ev7QaGnQLESnqY7kTaak3Aepump,UNKNOWN,Unknown Token,solana,Unknown,2025-09-06T13:58:27.000Z,0.00010097,0.00006058,0.6000,-40.00,2.2290,10020,200,915
118,3,Strategy_3949,52.24,11.76,FRsV3m924aGpLMuEekoo3JkkMt1oopaM4JY9ki5YLXrp,UNKNOWN,Unknown Token,solana,Unknown,2025-09-07T09:30:51.000Z,0.03403019,0.02041811,0.6000,-40.00,3.5717,10045,300,234
119,3,Strategy_3949,52.24,11.76,Cph1zxsCUz18v6aa2hiUYwfVkSV7BSFHmCaJLqQspump,UNKNOWN,Unknown Token,solana,Unknown,2025-09-07T12:12:32.000Z,0.00134823,0.00080894,0.6000,-40.00,1.3638,10065,25,402
120,3,Strategy_3949,52.24,11.76,DTu9Q27rgmVPuiA4F73dQydzfvYpyoPgds3GxDo8hREV,UNKNOWN,Unknown Token,solana,Unknown,2025-09-07T23:39:58.000Z,0.00006056,0.00003634,0.6000,-40.00,2.6273,10040,75,234
121,3,Strategy_3949,52.24,11.76,4GjbDFgZW6JwDSEAbbJaaeDwFc434GjqkDsNRBixpump,UNKNOWN,Unknown Token,solana,Unknown,2025-09-08T16:41:47.000Z,0.00025127,0.00015076,0.6000,-40.00,1.2052,10035,0,234
122,3,Strategy_3949,52.24,11.76,HfVnabiJCByE8ko6DWZvKKLUKMVRVs2chTKUeyEqpump,UNKNOWN,Unknown Token,solana,Unknown,2025-09-09T04:38:55.000Z,0.00016258,0.00009755,0.6000,-40.00,12.7922,10040,1460,464
123,3,Strategy_3949,52.24,11.76,BKmYE8w1GEQ6khhLkvMj4ULvV4Gq7zLfJZSgsHE5pump,UNKNOWN,Unknown Token,solana,Unknown,2025-09-10T13:47:29.000Z,0.00236098,0.00141659,0.6000,-40.00,1.0639,10030,10,234
124,3,Strategy_3949,52.24,11.76,b8mCYh9psBHCw5L5YZZTJgRuVcaDBd1zZD8TK1Cpump,UNKNOWN,Unknown Token,solana,Unknown,2025-09-10T13:55:43.000Z,0.00016397,0.00009838,0.6000,-40.00,16.8499,10020,340,467
125,3,Strategy_3949,52.24,11.76,2LsescRjhcxoUwEQLpcsd3Gh6AHUyqEHANDakkoSpump,UNKNOWN,Unknown Token,solana,Unknown,2025-09-10T14:26:36.000Z,0.02009427,0.01205656,0.6000,-40.00,1.0521,10050,0,234
126,3,Strategy_3949,52.24,11.76,2Zwa3HKmVd1h7T7gUiwdr1ZSCrgfxxXv2tLTWovgpump,UNKNOWN,Unknown Token,solana,Unknown,2025-09-10T14:48:45.000Z,0.00021303,0.00012782,0.6000,-40.00,1.8301,10030,25,467
127,3,Strategy_3949,52.24,11.76,8ZhE5cAiiRRsTctLAHf7zzjMYahFzikMABMHh5W5pump,UNKNOWN,Unknown Token,solana,Unknown,2025-09-10T19:49:53.000Z,0.00023983,0.00014390,0.6000,-40.00,2.3553,10030,10,234
128,3,Strategy_3949,52.24,11.76,Hwui6yPX8iPWxs1bD95zaiwrEJ3md2tksweVADsmpump,UNKNOWN,Unknown Token,solana,Unknown,2025-09-11T17:03:15.000Z,0.00014270,0.00008562,0.6000,-40.00,1.7442,10075,10,696
129,3,Strategy_3949,52.24,11.76,UmTt1cGStKwAQFXbQWELJzyjNFrdwV2JrFW6pcEpump,UNKNOWN,Unknown Token,solana,Unknown,2025-09-11T21:41:27.000Z,0.00037636,0.00022582,0.6000,-40.00,1.1828,10035,1035,234
130,3,Strategy_3949,52.24,11.76,2oFymDJhPxzjPwLk4RBMpjosVoxaLFM8oj1K8rpepump,UNKNOWN,Unknown Token,solana,Unknown,2025-09-12T07:56:39.000Z,0.00158869,0.00095322,0.6000,-40.00,2.1554,10020,30,694
131,3,Strategy_3949,52.24,11.76,CKW8P1A72umtcbC35shqvuDUPf5N9P6LDkGUwkB1pump,UNKNOWN,Unknown Token,solana,Unknown,2025-09-12T13:53:58.000Z,0.00094419,0.00056651,0.6000,-40.00,1.5169,10025,10,693
132,3,Strategy_3949,52.24,11.76,AjgSvYmJLhvt3FteiyTqQf8XBj1SVs6T6AmSUfkHpump,UNKNOWN,Unknown Token,solana,Unknown,2025-09-12T19:23:14.000Z,0.00338788,0.00203273,0.6000,-40.00,1.5324,10055,25,234
133,3,Strategy_3949,52.24,11.76,EhwhYhMJp434kqQeFRRBCwCVPkgdjrYFcBXGozxVpump,UNKNOWN,Unknown Token,solana,Unknown,2025-09-12T19:37:41.000Z,0.00125708,0.00075425,0.6000,-40.00,1.4610,10040,140,234
134,3,Strategy_3949,52.24,11.76,2QsU1pxiCErihgK8bU7dfsgXcRUcFoWp5KcbBVg4pump,UNKNOWN,Unknown Token,solana,Unknown,2025-09-13T05:49:23.000Z,0.00030956,0.00018573,0.6000,-40.00,1.1781,10030,0,234
135,3,Strategy_3949,52.24,11.76,2YMTGyWoGGPpaHt81QFTpfkom99hbT1yPHbAZs6ppump,UNKNOWN,Unknown Token,solana,Unknown,2025-09-13T06:48:24.000Z,0.00024985,0.00014991,0.6000,-40.00,1.4087,10030,5,701
136,3,Strategy_3949,52.24,11.76,EXoMAHnw2Gw5fXJTektedLJDVn9vn8tLTEQX7gHccQKR,UNKNOWN,Unknown Token,solana,Unknown,2025-09-13T09:16:11.000Z,9.09499165,5.45699499,0.6000,-40.00,2.3509,10060,60,1098
137,3,Strategy_3949,52.24,11.76,7Pnqg1S6MYrL6AP1ZXcToTHfdBbTB77ze6Y33qBBpump,UNKNOWN,Unknown Token,solana,Unknown,2025-09-13T19:17:33.000Z,0.01092744,0.00864673,0.7913,-20.87,4.9313,10060,1420,683
138,3,Strategy_3949,52.24,11.76,Hnm13jN2hNuJ4Za1p2Xd7fdyR6pKKDcJibR9NYiXpump,UNKNOWN,Unknown Token,solana,Unknown,2025-09-14T08:21:32.000Z,0.00008622,0.00005173,0.6000,-40.00,8.0026,10055,695,467
139,3,Strategy_3949,52.24,11.76,HQDTzNa4nQVetoG6aCbSLX9kcH7tSv2j2sTV67Etpump,UNKNOWN,Unknown Token,solana,Unknown,2025-09-14T09:05:09.000Z,0.00334256,0.00200554,0.6000,-40.00,3.0260,10070,350,570
140,3,Strategy_3949,52.24,11.76,9LjLmk78kDbpsR18kYcdbEJe9yWALwkkSWaXA76Epump,UNKNOWN,Unknown Token,solana,Unknown,2025-09-14T09:59:02.000Z,0.00345222,0.00207133,0.6000,-40.00,1.8090,10020,1140,466
141,3,Strategy_3949,52.24,11.76,3PGdDLidBipCWYzzH11SsdMtucjS8M8RfdT5UDALpump,UNKNOWN,Unknown Token,solana,Unknown,2025-09-14T11:16:37.000Z,0.00022418,0.00013451,0.6000,-40.00,2.5620,10060,1660,234
142,3,Strategy_3949,52.24,11.76,6XfSrY8UP1mUfRimA9QuxgYDdwV3hF75m3ajX7g6YNUS,UNKNOWN,Unknown Token,solana,Unknown,2025-09-14T13:51:10.000Z,0.00045510,0.00027306,0.6000,-40.00,1.9644,10025,10,234
143,3,Strategy_3949,52.24,11.76,5UB6vnMU7b6khnUjCoPqWbXCdmJWssWREJDwH147pump,UNKNOWN,Unknown Token,solana,Unknown,2025-09-14T15:01:17.000Z,0.00187509,0.00112505,0.6000,-40.00,2.1256,10075,30,702
144,3,Strategy_3949,52.24,11.76,EUuQTUrnEWkXmYEiChCfSSBM68eAmN5G3WM9iyhHpump,UNKNOWN,Unknown Token,solana,Unknown,2025-09-14T19:53:33.000Z,0.00048754,0.00029253,0.6000,-40.00,1.9846,10025,0,234
145,3,Strategy_3949,52.24,11.76,FyB8VxxYAaVVchAgbB1kvjWdw26ovaD4ipwV1j8epump,UNKNOWN,Unknown Token,solana,Unknown,2025-09-15T10:51:29.000Z,0.00092343,0.00092985,1.0070,0.70,6.0311,10025,1865,677
146,3,Strategy_3949,52.24,11.76,986j8mhmidrcbx3wf1XJxsQFvWBMXg7gnDi3mejsr8H8,UNKNOWN,Unknown Token,solana,Unknown,2025-09-15T15:04:41.000Z,0.01115493,0.00669296,0.6000,-40.00,1.6317,10075,35,234
147,3,Strategy_3949,52.24,11.76,8cQynx5ZaJKwdHsuXmSn3Y16RXta7ZTyTS1hW55Gpump,UNKNOWN,Unknown Token,solana,Unknown,2025-09-16T07:47:01.000Z,0.00062639,0.00037583,0.6000,-40.00,2.5485,10030,670,461
148,3,Strategy_3949,52.24,11.76,PRTLSwfLzpVGSAQiUfXEenJkq1cwTsEcsn1hPL9zwwg,UNKNOWN,Unknown Token,solana,Unknown,2025-09-16T12:16:03.000Z,0.28727560,0.17236536,0.6000,-40.00,1.2236,10060,0,234
149,3,Strategy_3949,52.24,11.76,96hj47MzSpZgVcT1v4nwpbQNEU59f6ys48PArGivpump,UNKNOWN,Unknown Token,solana,Unknown,2025-09-17T01:04:11.000Z,0.00237489,0.00142493,0.6000,-40.00,1.2248,10075,2755,234
150,3,Strategy_3949,52.24,11.76,5PpWbYsDosMGEre1PThdXhHjN85S1RX7fsLMDRi3pump,UNKNOWN,Unknown Token,solana,Unknown,2025-09-17T15:52:47.000Z,0.00024519,0.00014712,0.6000,-40.00,3.0513,10025,365,685
151,3,Strategy_3949,52.24,11.76,xr6TRFpam3hf28iuMqRMpCXu15G8TYz4Wsj4vTapump,UNKNOWN,Unknown Token,solana,Unknown,2025-09-19T08:26:44.000Z,0.00005019,0.00004087,0.8143,-18.57,1.9510,10050,1230,466
152,3,Strategy_3949,52.24,11.76,t6Z8Qh7eRn6ikRiL4DeoieTkFz3YtmamDwZQK2Spump,UNKNOWN,Unknown Token,solana,Unknown,2025-09-19T13:21:19.000Z,0.00016170,0.00009702,0.6000,-40.00,1.1183,10055,0,234
153,3,Strategy_3949,52.24,11.76,0xbbCe66051dD7682687d86640Bf3720F45Be14444,UNKNOWN,Unknown Token,bsc,Unknown,2025-09-19T16:12:02.000Z,0.00021956,0.00013173,0.6000,-40.00,1.8844,10065,0,234
154,3,Strategy_3949,52.24,11.76,0x80302041F9FBEc9Cc9849de905A43d07D7454444,UNKNOWN,Unknown Token,bsc,Unknown,2025-09-19T18:34:16.000Z,0.00007685,0.00004611,0.6000,-40.00,1.6034,10045,0,695
155,3,Strategy_3949,52.24,11.76,He9v4WBhFnDx6roRv4pxPx6nGAYM5EMYFanSVKCwpump,UNKNOWN,Unknown Token,solana,Unknown,2025-09-20T10:11:18.000Z,0.00041507,0.00024904,0.6000,-40.00,1.2257,10065,15,234
156,3,Strategy_3949,52.24,11.76,0x932Fb7f52adBC34ff81B4342b8C036b7b8Ac4444,UNKNOWN,Unknown Token,bsc,Unknown,2025-09-20T15:38:22.000Z,0.00742504,0.00445502,0.6000,-40.00,3.5695,10040,1280,702
157,3,Strategy_3949,52.24,11.76,0x000Ae314E2A2172a039B26378814C252734f556A,UNKNOWN,Unknown Token,bsc,Unknown,2025-09-20T17:22:27.000Z,1.40788145,2.06240471,1.4649,46.49,1.7353,10055,5195,468
158,3,Strategy_3949,52.24,11.76,0x78F5d389F5CDCcFc41594aBaB4B0Ed02F31398b3,UNKNOWN,Unknown Token,bsc,Unknown,2025-09-20T18:48:08.000Z,1.54926285,2.03778225,1.3153,31.53,1.5673,10030,5290,234
159,3,Strategy_3949,52.24,11.76,0x20d6015660b3fe52e6690a889b5c51f69902ce0e,UNKNOWN,Unknown Token,bsc,Unknown,2025-09-21T17:10:41.000Z,3.35305701,24.26364394,7.2363,623.63,63.8706,10065,585,1246
160,3,Strategy_3949,52.24,11.76,0x48f1d633712f5ee056a410fc43b16bb261ba4444,UNKNOWN,Unknown Token,bsc,Unknown,2025-09-21T20:36:50.000Z,0.00379516,0.00227709,0.6000,-40.00,1.2267,10040,0,432
161,3,Strategy_3949,52.24,11.76,34AeqX5MQGyrey2VnZdkeZCfM4qinp4F3X7pGxtipump,UNKNOWN,Unknown Token,solana,Unknown,2025-09-22T00:29:10.000Z,0.00201715,0.00121029,0.6000,-40.00,5.5781,10050,1110,402
162,3,Strategy_3949,52.24,11.76,0x20d6015660b3fe52e6690a889b5C51F69902cE0e,UNKNOWN,Unknown Token,bsc,Unknown,2025-09-22T06:08:54.000Z,22.27433203,26.80232566,1.2033,20.33,2.2932,10070,530,1140
163,3,Strategy_3949,52.24,11.76,0xb8a3c1aa7fd236029f66bf7cd7cea51e8368940b,UNKNOWN,Unknown Token,bsc,Unknown,2025-09-22T07:07:46.000Z,0.63698768,0.38219261,0.6000,-40.00,1.4584,10070,20,234
164,3,Strategy_3949,52.24,11.76,0x8bE1Cd9Db9F97aB6972d191B96fDbdA199E06748,UNKNOWN,Unknown Token,bsc,Unknown,2025-09-22T13:54:19.000Z,0.26286872,0.15772123,0.6000,-40.00,1.6611,10025,5,467
165,3,Strategy_3949,52.24,11.76,7RMD2knb2JmFaged8PsZ6rBZoJEVgW3r3hM52A6fmoon,UNKNOWN,Unknown Token,solana,Unknown,2025-09-22T15:44:56.000Z,0.00083176,0.00075393,0.9064,-9.36,1.0000,10035,0,234
166,3,Strategy_3949,52.24,11.76,0x48f1d633712F5eE056a410Fc43B16bB261ba4444,UNKNOWN,Unknown Token,bsc,Unknown,2025-09-23T08:01:38.000Z,0.00195782,0.00117469,0.6000,-40.00,1.3617,10075,355,402
167,3,Strategy_3949,52.24,11.76,0x15D29C42981E2319E01079C81b56603C5f334444,UNKNOWN,Unknown Token,bsc,Unknown,2025-09-24T13:39:56.000Z,0.00058650,0.00035190,0.6000,-40.00,5.2822,10040,20,468
168,3,Strategy_3949,52.24,11.76,0xDB567DD20F0eD3c33aBdEAaef72b80a1DdD04444,UNKNOWN,Unknown Token,bsc,Unknown,2025-09-24T13:53:57.000Z,0.00005459,0.00003275,0.6000,-40.00,1.6049,10025,0,468
169,3,Strategy_3949,52.24,11.76,0x7d03759E5B41E36899833cb2E008455d69A24444,UNKNOWN,Unknown Token,bsc,Unknown,2025-09-25T20:02:54.000Z,0.00324295,0.00859214,2.6495,164.95,5.6201,10075,135,587
170,3,Strategy_3949,52.24,11.76,0x8b5f48eb9a81d52dc29c89f81daf7e2997334444,UNKNOWN,Unknown Token,bsc,Unknown,2025-09-26T10:38:59.000Z,0.00006643,0.00003986,0.6000,-40.00,1.9692,10040,155,234
171,3,Strategy_3949,52.24,11.76,0x7839Fbfd09DaE4d0F15BfB36b8f16f7898FBE684,UNKNOWN,Unknown Token,bsc,Unknown,2025-09-26T13:12:39.000Z,3.36606441,2.01963865,0.6000,-40.00,1.0971,10065,0,234
172,3,Strategy_3949,52.24,11.76,0x3206f7b054eb91be9766acd34aafd6efe7114444,UNKNOWN,Unknown Token,bsc,Unknown,2025-09-26T15:00:32.000Z,0.00025718,0.00015431,0.6000,-40.00,1.1864,10075,5,234
173,3,Strategy_3949,52.24,11.76,0x4BABA6318cbDd731DA9adA934B29Ca530D804444,UNKNOWN,Unknown Token,bsc,Unknown,2025-09-26T19:18:46.000Z,0.00008309,0.00030571,3.6792,267.92,8.5988,10060,1240,465
174,3,Strategy_3949,52.24,11.76,0x7ca2865cf319269ea5fe19dc1de16ca43e624444,UNKNOWN,Unknown Token,bsc,Unknown,2025-09-29T06:37:17.000Z,0.00042797,0.00063824,1.4913,49.13,6.9537,9980,6020,233
175,3,Strategy_3949,52.24,11.76,E3oEF6TZb5DssCqwyXRt31AUEnGqvcHeVcyGvLiqpump,UNKNOWN,Unknown Token,solana,Unknown,2025-09-29T08:40:14.000Z,0.00298564,0.00505282,1.6924,69.24,4.2472,9975,10,233
176,3,Strategy_3949,52.24,11.76,623fhWRdnYVxQKe1RcZvVHxTDeAftRGBApUtzrRKpump,UNKNOWN,Unknown Token,solana,Unknown,2025-09-29T20:47:04.000Z,0.00169355,0.00101613,0.6000,-40.00,1.4574,9970,0,233
177,3,Strategy_3949,52.24,11.76,6HFnmGqFqLN3c54ZwgQ43FmE5PpPVD1vR1K5Fhg7pump,UNKNOWN,Unknown Token,solana,Unknown,2025-09-30T19:54:35.000Z,0.00036352,0.00021811,0.6000,-40.00,1.6342,9965,785,400
178,3,Strategy_3949,52.24,11.76,0x0A43fC31a73013089DF59194872Ecae4cAe14444,UNKNOWN,Unknown Token,bsc,Unknown,2025-10-01T09:30:48.000Z,0.00555937,0.17959611,32.3051,3130.51,81.4348,9985,1465,2083
179,3,Strategy_3949,52.24,11.76,0x0a43fc31a73013089df59194872ecae4cae14444,UNKNOWN,Unknown Token,bsc,Unknown,2025-10-02T12:30:04.000Z,0.05343623,0.18319152,3.4282,242.82,5.7343,9985,8605,2135
180,3,Strategy_3949,52.24,11.76,0x53027683088081f30bc84f983a0007e4db7d4444,UNKNOWN,Unknown Token,bsc,Unknown,2025-10-03T13:24:09.000Z,0.00008755,0.00005253,0.6000,-40.00,1.1386,9995,0,233
181,3,Strategy_3949,52.24,11.76,0x6B4917a11BCb3BDCb545D79F211e81aa5835a3Ba,UNKNOWN,Unknown Token,bsc,Unknown,2025-10-03T17:44:25.000Z,0.00026374,0.00069699,2.6427,164.27,34.2835,9975,6735,487
182,3,Strategy_3949,52.24,11.76,0x071b016976c01eb02996cd5edb6d903e52294444,UNKNOWN,Unknown Token,bsc,Unknown,2025-10-03T23:59:57.000Z,0.00001559,0.00000935,0.6000,-40.00,4.9340,9960,0,233
183,3,Strategy_3949,52.24,11.76,0x8cde5c1d2489743e83223f6aad48def582664444,UNKNOWN,Unknown Token,bsc,Unknown,2025-10-04T15:37:01.000Z,0.00022403,0.00013442,0.6000,-40.00,1.2777,9980,10,233
184,3,Strategy_3949,52.24,11.76,0x78998d790D6236cC05929101DE65a361af309f5b,UNKNOWN,Unknown Token,bsc,Unknown,2025-10-04T20:12:23.000Z,0.00307224,0.00184334,0.6000,-40.00,1.5967,10065,0,234
185,3,Strategy_3949,52.24,11.76,0x9515027b94db16ea2a752f15cd856c453ba34444,UNKNOWN,Unknown Token,bsc,Unknown,2025-10-05T04:23:09.000Z,0.00015065,0.00009039,0.6000,-40.00,2.4249,10055,215,234
186,3,Strategy_3949,52.24,11.76,0x0c5429E9dd1362bfb55c31c01B7f0f38f5f64444,UNKNOWN,Unknown Token,bsc,Unknown,2025-10-06T11:38:05.000Z,0.00065475,0.00193787,2.9597,195.97,24.3749,10040,3260,672
187,3,Strategy_3949,52.24,11.76,0x52f1d5d18022Db8d9Abd4EaA143163542C6b4444,UNKNOWN,Unknown Token,bsc,Unknown,2025-10-06T18:48:25.000Z,0.00067543,0.00040526,0.6000,-40.00,1.5885,10030,0,234
188,3,Strategy_3949,52.24,11.76,0x4f0a3bb884ac105d5e9f5ece437b05fc9a374444,UNKNOWN,Unknown Token,bsc,Unknown,2025-10-06T23:31:32.000Z,0.00027836,0.00016701,0.6000,-40.00,3.3082,10045,685,640
189,3,Strategy_3949,52.24,11.76,0x7e4DAB87cBD6307E8833Cc5C540ee151C6db4F42,UNKNOWN,Unknown Token,bsc,Unknown,2025-10-07T07:23:28.000Z,8.08137453,4.84882472,0.6000,-40.00,1.9349,10055,310,234
190,3,Strategy_3949,52.24,11.76,0x77D689c28B9a1661AA75451dCee6D3D3C0264444,UNKNOWN,Unknown Token,bsc,Unknown,2025-10-07T11:13:25.000Z,0.00840173,0.00504104,0.6000,-40.00,2.5131,10065,825,681
191,3,Strategy_3949,52.24,11.76,0xa1658064de3ec6bc7ef0934f505676b4fdb44444,UNKNOWN,Unknown Token,bsc,Unknown,2025-10-07T12:11:31.000Z,0.00359378,0.00215627,0.6000,-40.00,1.7996,10065,1365,432
192,3,Strategy_3949,52.24,11.76,9NyLK6MHjbaKd1bY3EnFPJQDmkDLvC2WajUCErp9pump,UNKNOWN,Unknown Token,solana,Unknown,2025-10-08T07:20:42.000Z,0.00100001,0.00089886,0.8988,-10.12,1.0608,10055,6515,234
193,3,Strategy_3949,52.24,11.76,0xb2a9b398ce0ed322abd95e8f0a9748beba5e4444,UNKNOWN,Unknown Token,bsc,Unknown,2025-10-08T12:49:00.000Z,0.00025335,0.00015201,0.6000,-40.00,5.9852,10030,45,467
194,3,Strategy_3949,52.24,11.76,0xB2a9b398cE0Ed322Abd95e8F0A9748BEBa5E4444,UNKNOWN,Unknown Token,bsc,Unknown,2025-10-08T13:04:06.000Z,0.00104757,0.00062854,0.6000,-40.00,1.4475,10075,30,466
195,3,Strategy_3949,52.24,11.76,0x7819289962b021326574a9342f1cabb0150f4444,UNKNOWN,Unknown Token,bsc,Unknown,2025-10-08T13:07:39.000Z,0.00140526,0.00084315,0.6000,-40.00,2.8834,10070,140,234
196,3,Strategy_3949,52.24,11.76,0x44444085f53eD1e21d016fFF8341827944AfC5b5,UNKNOWN,Unknown Token,bsc,Unknown,2025-10-09T14:07:59.000Z,0.00019969,0.00011981,0.6000,-40.00,2.3164,10070,0,234
197,3,Strategy_3949,52.24,11.76,0x4977665504ee79d6d270890985b1371b265e4444,UNKNOWN,Unknown Token,bsc,Unknown,2025-10-09T16:15:43.000Z,0.00006719,0.00004031,0.6000,-40.00,1.0272,10060,10,234
198,3,Strategy_3949,52.24,11.76,0x44443dd87EC4d1bEa3425AcC118Adb023f07F91b,UNKNOWN,Unknown Token,bsc,Unknown,2025-10-09T22:38:54.000Z,0.02491379,0.01494827,0.6000,-40.00,2.0979,10040,15,445
199,3,Strategy_3949,52.24,11.76,0x4444f20947325dc5d37643BCAaA537C85CfCb524,UNKNOWN,Unknown Token,bsc,Unknown,2025-10-10T12:24:41.000Z,0.03224637,0.01934782,0.6000,-40.00,1.5073,10055,5,234
200,3,Strategy_3949,52.24,11.76,0x45E57907058c707a068100De358BA4535b18E2F3,UNKNOWN,Unknown Token,bsc,Unknown,2025-10-11T20:08:06.000Z,0.01561443,0.00936866,0.6000,-40.00,1.8655,10070,350,234
201,3,Strategy_3949,52.24,11.76,0xb616C0d64DcE1C1e9Cf4724Fca70DB3C5B7D4444,UNKNOWN,Unknown Token,bsc,Unknown,2025-10-12T03:50:59.000Z,0.00121836,0.00073101,0.6000,-40.00,1.1285,10025,75,234
202,3,Strategy_3949,52.24,11.76,0x3c7Dc3f4A8445d74D71Bb608D5D9Eeaf8E9D4444,UNKNOWN,Unknown Token,bsc,Unknown,2025-10-12T12:36:52.000Z,0.00066249,0.00039750,0.6000,-40.00,1.5228,10040,30,234
203,3,Strategy_3949,52.24,11.76,0x9C27c4072738CF4b7B0B7071af0ad5666BdDC096,UNKNOWN,Unknown Token,bsc,Unknown,2025-10-12T12:37:31.000Z,0.00534868,0.00365825,0.6840,-31.60,1.7611,10040,0,234
204,3,Strategy_3949,52.24,11.76,0xE5736fc2cB7B48Ecb213852B35B8ddae20754444,UNKNOWN,Unknown Token,bsc,Unknown,2025-10-12T22:45:49.000Z,0.00039005,0.00023403,0.6000,-40.00,1.4932,10030,35,913
205,3,Strategy_3949,52.24,11.76,0xa890F8BA60051ec8a5B528F056DA362Ba208a96F,UNKNOWN,Unknown Token,bsc,Unknown,2025-10-13T11:59:16.000Z,0.01416916,0.00988720,0.6978,-30.22,1.3961,10020,5,234
206,3,Strategy_3949,52.24,11.76,0x9462bB84993C606a9D70758d655F30F96d304444,UNKNOWN,Unknown Token,bsc,Unknown,2025-10-13T21:28:52.000Z,0.00344227,0.00206536,0.6000,-40.00,2.3831,10050,160,234
207,3,Strategy_3949,52.24,11.76,0xd4f46c60D95e9d37507CE94db9a7703E72a24444,UNKNOWN,Unknown Token,bsc,Unknown,2025-10-13T22:32:55.000Z,0.00075122,0.00045073,0.6000,-40.00,1.5294,10045,5,234
208,3,Strategy_3949,52.24,11.76,C64cB3Ji5RgyeLz3YQmbYTzWRQ2w8X3jxW1B9V7MpxjC,UNKNOWN,Unknown Token,solana,Unknown,2025-10-14T17:39:22.000Z,0.00521097,0.00312658,0.6000,-40.00,1.1039,10040,0,234
209,3,Strategy_3949,52.24,11.76,0xcA8A47A05E974EB5E00D2e38E868178e1AE24444,UNKNOWN,Unknown Token,bsc,Unknown,2025-10-14T17:53:59.000Z,0.00011504,0.00006902,0.6000,-40.00,1.3105,10025,0,234
210,3,Strategy_3949,52.24,11.76,0x0F0df6cB17ee5E883eddFEf9153fC6036BDB4e37,UNKNOWN,Unknown Token,bsc,Unknown,2025-10-15T00:15:18.000Z,0.11007533,0.06604520,0.6000,-40.00,1.6401,10060,5560,234
211,3,Strategy_3949,52.24,11.76,6YSkUcPs6jSoTmPFkbYkhz46GviokE5ZCVKQKifdpump,UNKNOWN,Unknown Token,solana,Unknown,2025-10-15T19:51:36.000Z,0.00007848,0.00004709,0.6000,-40.00,2.0675,10025,0,234
212,3,Strategy_3949,52.24,11.76,0x3dde9c5acc5e314efaec02baea3c01a16baa867e,UNKNOWN,Unknown Token,bsc,Unknown,2025-10-15T19:56:03.000Z,2.97206553,1.78323932,0.6000,-40.00,1.2642,10020,10,699
213,3,Strategy_3949,52.24,11.76,0xaf8141AA44A1EDD6E31911835a1745ee75e84444,UNKNOWN,Unknown Token,bsc,Unknown,2025-10-15T20:09:05.000Z,0.00060445,0.00036267,0.6000,-40.00,1.2098,10070,0,234
214,3,Strategy_3949,52.24,11.76,0x524b4CD1B5fa1063984F54Aee1415c59989A4444,UNKNOWN,Unknown Token,bsc,Unknown,2025-10-17T14:25:39.000Z,0.00084988,0.00050993,0.6000,-40.00,1.3742,10050,15,234
215,3,Strategy_3949,52.24,11.76,0xd6C9383d1030c3ca802632E139880d6f99604444,UNKNOWN,Unknown Token,bsc,Unknown,2025-10-18T07:59:44.000Z,0.00073644,0.00045407,0.6166,-38.34,3.9044,10020,480,880
216,3,Strategy_3949,52.24,11.76,0xc160598f2f5b216b48fa36007b4538114a234444,UNKNOWN,Unknown Token,bsc,Unknown,2025-10-18T11:21:23.000Z,0.00219297,0.00131578,0.6000,-40.00,2.0965,10055,60,700
217,3,Strategy_3949,52.24,11.76,0xc160598F2f5b216b48FA36007b4538114A234444,UNKNOWN,Unknown Token,bsc,Unknown,2025-10-18T13:44:33.000Z,0.00226717,0.00136030,0.6000,-40.00,1.0902,10035,5,652
218,3,Strategy_3949,52.24,11.76,0x4444e5a8Eb98c7f772D0c9BdE23a3a5f23aEFB83,UNKNOWN,Unknown Token,bsc,Unknown,2025-10-19T13:12:33.000Z,0.00083517,0.00050110,0.6000,-40.00,1.2126,10065,0,234
219,3,Strategy_3949,52.24,11.76,7qmWe2vUhhV1PJyN5aYUK3D5gBPkyFiwc4x5FrDcnTHZ,UNKNOWN,Unknown Token,solana,Unknown,2025-10-20T22:21:19.000Z,0.00001221,0.00001204,0.9862,-1.38,1.1451,10055,15,234
220,3,Strategy_3949,52.24,11.76,AGJTeQiU81S6N5yAx3hbCWF69GB4TfhN3564sS8Ppump,UNKNOWN,Unknown Token,solana,Unknown,2025-10-21T15:44:31.000Z,0.00015437,0.00009262,0.6000,-40.00,5.1539,10035,350,234
221,3,Strategy_3949,52.24,11.76,63bpnCja1pGB2HSazkS8FAPAUkYgcXoDwYHfvZZveBot,UNKNOWN,Unknown Token,solana,Unknown,2025-10-21T16:57:17.000Z,0.01814425,0.03100635,1.7089,70.89,2.2179,10020,8460,234
222,3,Strategy_3949,52.24,11.76,0x4444d14d522386647c29fd9cd9723f7339ac0f3c,UNKNOWN,Unknown Token,bsc,Unknown,2025-10-21T18:50:53.000Z,0.00398391,0.00239035,0.6000,-40.00,3.3469,10025,1565,681
223,3,Strategy_3949,52.24,11.76,0xf4bf4a6c074c3bda5b991cf271b68e046bdf4444,UNKNOWN,Unknown Token,bsc,Unknown,2025-10-22T06:30:57.000Z,0.01299854,0.00779913,0.6000,-40.00,1.5911,10045,95,234
224,3,Strategy_3949,52.24,11.76,0xAbebED1684a789b3cf178Db810f3CBb30cC14444,UNKNOWN,Unknown Token,bsc,Unknown,2025-10-22T10:28:54.000Z,0.00185403,0.00685828,3.6991,269.91,5.3890,10050,8970,234
225,3,Strategy_3949,52.24,11.76,0x4444c37e9e91f95d89c8f462eebee8fa510ecb86,UNKNOWN,Unknown Token,bsc,Unknown,2025-10-22T12:21:59.000Z,0.00011326,0.00006795,0.6000,-40.00,1.0280,10055,0,234
226,3,Strategy_3949,52.24,11.76,0xf2f831382d1246464a566287fabaead04e854444,UNKNOWN,Unknown Token,bsc,Unknown,2025-10-22T16:34:47.000Z,0.00006530,0.00003918,0.6000,-40.00,2.2510,10045,10,234
227,3,Strategy_3949,52.24,11.76,0xB05d9DB7f3Dd2827BA1789007A347F17a0fE4444,UNKNOWN,Unknown Token,bsc,Unknown,2025-10-23T15:11:28.000Z,0.00014585,0.00008751,0.6000,-40.00,4.6136,10065,45,234
228,3,Strategy_3949,52.24,11.76,0x948d7a6f18511df422184360d1cd5d56f5be4444,UNKNOWN,Unknown Token,bsc,Unknown,2025-10-23T17:14:29.000Z,0.00072956,0.00043774,0.6000,-40.00,1.2374,10065,20,234
229,3,Strategy_3949,52.24,11.76,7fuvJKyenbx72U32qWG4sJ53vo7PyfbhK2jk22nRpump,UNKNOWN,Unknown Token,solana,Unknown,2025-10-24T02:27:39.000Z,0.00010419,0.00006251,0.6000,-40.00,2.1793,10050,80,234
230,3,Strategy_3949,52.24,11.76,0x9be61A38725b265BC3eb7Bfdf17AfDFc9d26C130,UNKNOWN,Unknown Token,bsc,Unknown,2025-10-24T11:15:00.000Z,0.45504310,0.34665965,0.7618,-23.82,1.4141,10065,50,235
231,3,Strategy_3949,52.24,11.76,3wPQhXYqy861Nhoc4bahtpf7G3e89XCLfZ67ptEfZUSA,UNKNOWN,Unknown Token,solana,Unknown,2025-10-26T19:35:04.000Z,0.00940583,0.01178490,1.2529,25.29,1.7456,10040,6800,798
232,3,Strategy_3949,52.24,11.76,BBKPiLM9KjdJW7oQSKt99RVWcZdhF6sEHRKnwqeBGHST,UNKNOWN,Unknown Token,solana,Unknown,2025-10-27T09:04:46.000Z,0.01073768,0.01493709,1.3911,39.11,2.5001,10075,8635,234
233,3,Strategy_3949,52.24,11.76,0x085e90d9d5c9e3540ee91f7e28c48fc8cb314444,UNKNOWN,Unknown Token,bsc,Unknown,2025-10-27T13:39:12.000Z,0.00043178,0.00025907,0.6000,-40.00,1.3159,10040,0,234
234,3,Strategy_3949,52.24,11.76,3oyK5vTvzAMUEicnGQBbTmNZ3veKftxCC17BLorxpump,UNKNOWN,Unknown Token,solana,Unknown,2025-10-27T21:17:46.000Z,0.00006757,0.00004054,0.6000,-40.00,1.6670,10060,5,234
235,3,Strategy_3949,52.24,11.76,CgwW9y8aLVJKGSLbjRr23mY1iGSDpwgbQetLAph15fRk,UNKNOWN,Unknown Token,solana,Unknown,2025-10-27T21:20:01.000Z,0.00045876,0.00027525,0.6000,-40.00,1.3796,10055,0,234
236,3,Strategy_3949,52.24,11.76,EnbYiKqWdzKfuN12QZ33tYm9ysy4Bjhpf7XU2RY3pump,UNKNOWN,Unknown Token,solana,Unknown,2025-10-30T08:57:07.000Z,0.00397738,0.00238643,0.6000,-40.00,1.1242,10020,45,234
237,3,Strategy_3949,52.24,11.76,Cz5oaw1XxGsPVPsEMu3SZEJ9A6vpcrVqaBAwP3ePpump,UNKNOWN,Unknown Token,solana,Unknown,2025-10-30T16:43:50.000Z,0.00115656,0.00069394,0.6000,-40.00,1.4136,10035,5,234
238,3,Strategy_3949,52.24,11.76,1zJX5gRnjLgmTpq5sVwkq69mNDQkCemqoasyjaPW6jm,UNKNOWN,Unknown Token,solana,Unknown,2025-11-01T10:01:26.000Z,0.03947084,0.02950874,0.7476,-25.24,1.1144,10020,5400,168
