Caller,Strategy,Description,TotalTrades,WinRate,FinalPortfolio,TotalReturn,MaxDrawdown,AvgPnlPerTrade
Brook Giga I verify @BrookCalls,Basic_6h_10pctSL_10pctClamp,"Hold 6h, 10% SL, 10% loss clamp",235,5.11,-291.26,-391.26,391.26,-8.32
Brook Giga I verify @BrookCalls,Basic_6h_20pctSL_20pctClamp,"Hold 6h, 20% SL, 20% loss clamp",235,8.09,-241.86,-341.86,341.86,-14.55
Brook Giga I verify @BrookCalls,Basic_6h_20pctSL_30pctClamp,"Hold 6h, 20% SL, 30% loss clamp",235,8.09,-127.90,-227.90,227.90,-14.55
Brook Giga I verify @BrookCalls,TP_6h_20pctSL_50pctTP,"Hold 6h, 20% SL, 50% TP",235,25.11,14.63,-85.37,92.82,-3.63
Brook Giga I verify @BrookCalls,TP_6h_20pctSL_100pctTP,"Hold 6h, 20% SL, 100% TP",235,15.32,-26.02,-126.02,123.16,-5.36
Brook Giga I verify @BrookCalls,TP_24h_20pctSL_200pctTP,"Hold 24h, 20% SL, 200% TP",235,10.21,-31.32,-131.32,124.68,-5.59
Brook Giga I verify @BrookCalls,Trailing_6h_20pctSL_25pctTrail_50pctActivate,"Hold 6h, 20% SL, 25% trailing stop (activates at 50% gain)",235,29.79,226.39,126.39,30.92,5.38
Brook Giga I verify @BrookCalls,Trailing_24h_20pctSL_30pctTrail_100pctActivate,"Hold 24h, 20% SL, 30% trailing stop (activates at 100% gain)",235,15.32,81.57,-18.43,93.95,-0.78
Brook Giga I verify @BrookCalls,Dip_10pctDrop_ReboundToAlert_6h,"Buy dip: Wait for 10% drop, re-enter when price rebounds to alert level, hold 6h",193,5.70,-195.27,-295.27,308.45,-15.30
Brook Giga I verify @BrookCalls,Dip_20pctDrop_ReboundToAlert_6h,"Buy dip: Wait for 20% drop, re-enter when price rebounds to alert level, hold 6h",160,3.13,-175.87,-275.87,289.05,-17.24
Brook Giga I verify @BrookCalls,Dip_40pctDrop_ReboundToMinus30pct_24h,"Buy dip: Wait for 40% drop, re-enter when price rebounds to -30% of alert, hold 24h",169,1.78,-232.50,-332.50,332.50,-19.67
Brook Giga I verify @BrookCalls,Dip_30pctDrop_ReboundToMinus10pct_6h,"Buy dip: Wait for 30% drop, re-enter when price rebounds to -10% of alert, hold 6h",145,2.07,-187.70,-287.70,287.70,-19.84
Brook Giga I verify @BrookCalls,MultiTrade_10pctTrail_50pctDropRebound_24h,"Multi-trade: 10% trailing stop, re-enter after 50% drop from peak + 20% rebound",440,55.91,954.45,854.45,0.69,19.42
Brook Giga I verify @BrookCalls,MultiTrade_15pctTrail_50pctDropRebound_24h,"Multi-trade: 15% trailing stop, re-enter after 50% drop from peak + 20% rebound",389,47.30,635.87,535.87,3.02,13.78
Brook Giga I verify @BrookCalls,MultiTrade_20pctTrail_50pctDropRebound_24h,"Multi-trade: 20% trailing stop, re-enter after 50% drop from peak + 20% rebound",352,39.77,586.56,486.56,5.23,13.82
Brook Giga I verify @BrookCalls,MultiTrade_25pctTrail_50pctDropRebound_24h,"Multi-trade: 25% trailing stop, re-enter after 50% drop from peak + 20% rebound",325,33.85,396.87,296.87,13.94,9.13
Brook Giga I verify @BrookCalls,MultiTrade_30pctTrail_50pctDropRebound_24h,"Multi-trade: 30% trailing stop, re-enter after 50% drop from peak + 20% rebound",309,30.10,287.26,187.26,18.59,6.06
Brook Giga I verify @BrookCalls,MultiTrade_35pctTrail_50pctDropRebound_24h,"Multi-trade: 35% trailing stop, re-enter after 50% drop from peak + 20% rebound",300,27.67,45.76,-54.24,110.54,-1.81
Brook Giga I verify @BrookCalls,MultiTrade_40pctTrail_50pctDropRebound_24h,"Multi-trade: 40% trailing stop, re-enter after 50% drop from peak + 20% rebound",289,23.53,-36.88,-136.88,180.44,-4.74
Brook Giga I verify @BrookCalls,MultiTrade_20pctTrail_40pctDrop15pctRebound_24h,"Multi-trade: 20% trailing stop, re-enter after 40% drop from peak + 15% rebound",231,34.20,298.53,198.53,9.11,8.59
Brook Giga I verify @BrookCalls,MultiTrade_20pctTrail_60pctDrop25pctRebound_24h,"Multi-trade: 20% trailing stop, re-enter after 60% drop from peak + 25% rebound",231,34.20,298.53,198.53,9.11,8.59
Brook Giga I verify @BrookCalls,MultiTrade_20pctTrail_45pctDrop18pctRebound_24h,"Multi-trade: 20% trailing stop, re-enter after 45% drop from peak + 18% rebound",231,34.20,298.53,198.53,9.11,8.59
Brook Giga I verify @BrookCalls,MultiTrade_15pctTrail_RSI_MACD_24h,"Multi-trade: 15% trailing stop, re-enter using RSI/MACD signals",363,38.02,406.43,306.43,5.67,8.44
Brook Giga I verify @BrookCalls,MultiTrade_20pctTrail_RSI_MACD_24h,"Multi-trade: 20% trailing stop, re-enter using RSI/MACD signals",332,32.23,251.60,151.60,14.99,4.57
Brook Giga I verify @BrookCalls,MultiTrade_25pctTrail_RSI_MACD_24h,"Multi-trade: 25% trailing stop, re-enter using RSI/MACD signals",305,25.90,119.92,19.92,48.85,0.65
Brook Giga I verify @BrookCalls,MultiTrade_30pctTrail_RSI_MACD_24h,"Multi-trade: 30% trailing stop, re-enter using RSI/MACD signals",286,20.98,37.79,-62.21,127.53,-2.18
Brook Giga I verify @BrookCalls,MultiTrade_15pctTrail_MA_24h,"Multi-trade: 15% trailing stop, re-enter using MA crossovers",351,35.33,352.85,252.85,7.48,7.20
Brook Giga I verify @BrookCalls,MultiTrade_20pctTrail_MA_24h,"Multi-trade: 20% trailing stop, re-enter using MA crossovers",318,28.93,229.65,129.65,18.65,4.08
Brook Giga I verify @BrookCalls,MultiTrade_25pctTrail_MA_24h,"Multi-trade: 25% trailing stop, re-enter using MA crossovers",297,24.24,112.99,12.99,53.13,0.44
Brook Giga I verify @BrookCalls,MultiTrade_30pctTrail_MA_24h,"Multi-trade: 30% trailing stop, re-enter using MA crossovers",288,21.53,50.77,-49.23,104.64,-1.71
Brook Giga I verify @BrookCalls,Ichimoku_5m_TenkanKijunCross_20pctTrail_24h,"Delayed entry: Ichimoku Tenkan-Kijun cross on 5m, 20% trailing stop, 20% loss cap",204,26.96,98.30,-1.70,42.92,-0.08
Brook Giga I verify @BrookCalls,Ichimoku_5m_CloudCross_20pctTrail_24h,"Delayed entry: Ichimoku cloud cross on 5m, 20% trailing stop, 20% loss cap",204,27.94,87.75,-12.25,40.07,-0.60
Brook Giga I verify @BrookCalls,PriceBreakout_5pct_20pctTrail_24h,"Delayed entry: 5% price breakout above alert, 20% trailing stop, 20% loss cap",122,29.51,49.06,-50.94,59.02,-4.18
Brook Giga I verify @BrookCalls,PriceBreakout_10pct_20pctTrail_24h,"Delayed entry: 10% price breakout above alert, 20% trailing stop, 20% loss cap",118,26.27,31.79,-68.21,70.84,-5.78
Brook Giga I verify @BrookCalls,Ichimoku_5m_MACD_20pctTrail_24h,"Delayed entry: Ichimoku Tenkan-Kijun cross + MACD bullish on 5m, 20% trailing stop",186,23.66,54.61,-45.39,57.88,-2.44
Brook Giga I verify @BrookCalls,Ichimoku_5m_MA_20pctTrail_24h,"Delayed entry: Ichimoku Tenkan-Kijun cross + MA golden cross on 5m, 20% trailing stop",99,31.31,37.37,-62.63,62.63,-6.33
Brook Giga I verify @BrookCalls,RSI_Oversold_5m_20pctTrail_24h,"Delayed entry: RSI oversold bounce on 5m, 20% trailing stop, 20% loss cap",196,22.96,-10.20,-110.20,108.78,-5.62
Brook Giga I verify @BrookCalls,MACD_Cross_5m_20pctTrail_24h,"Delayed entry: MACD bullish crossover on 5m, 20% trailing stop, 20% loss cap",196,19.90,-19.02,-119.02,117.94,-6.07
Brook Giga I verify @BrookCalls,MA_GoldenCross_5m_20pctTrail_24h,"Delayed entry: MA golden cross (EMA9 > EMA20) on 5m, 20% trailing stop, 20% loss cap",224,16.52,-64.93,-164.93,158.26,-7.36
Brook Giga I verify @BrookCalls,Ichimoku_5m_TenkanKijun_10pctTrail_24h,"Ichimoku Tenkan-Kijun cross on 5m, 10% trailing stop, 20% loss cap",204,37.75,217.63,117.63,4.54,5.77
Brook Giga I verify @BrookCalls,Ichimoku_5m_TenkanKijun_15pctTrail_24h,"Ichimoku Tenkan-Kijun cross on 5m, 15% trailing stop, 20% loss cap",204,29.90,146.29,46.29,20.91,2.27
Brook Giga I verify @BrookCalls,Ichimoku_5m_TenkanKijun_25pctTrail_24h,"Ichimoku Tenkan-Kijun cross on 5m, 25% trailing stop, 20% loss cap",204,25.00,39.43,-60.57,72.12,-2.97
Brook Giga I verify @BrookCalls,Ichimoku_5m_TenkanKijun_30pctTrail_24h,"Ichimoku Tenkan-Kijun cross on 5m, 30% trailing stop, 20% loss cap",204,24.02,0.09,-99.91,99.93,-4.90
Brook Giga I verify @BrookCalls,Ichimoku_5m_TenkanKijun_35pctTrail_24h,"Ichimoku Tenkan-Kijun cross on 5m, 35% trailing stop, 20% loss cap",204,24.02,-13.46,-113.46,110.81,-5.56
Brook Giga I verify @BrookCalls,Ichimoku_5m_TenkanKijun_40pctTrail_24h,"Ichimoku Tenkan-Kijun cross on 5m, 40% trailing stop, 20% loss cap",204,21.57,-24.38,-124.38,116.35,-6.10
Brook Giga I verify @BrookCalls,Ichimoku_5m_TenkanKijun_DynamicTrail_24h,"Ichimoku Tenkan-Kijun cross on 5m, dynamic trailing stop (50% @ 2x, 40% @ 3x, 30% @ 4x, 25% @ 5x, 20% @ 6x, 15% @ 8x, 10% @ 10x)",204,16.18,-42.93,-142.93,128.71,-7.01
Brook Giga I verify @BrookCalls,PriceBreakout_5pct_DynamicTrail_24h,"5% price breakout, dynamic trailing stop",122,18.03,-10.12,-110.12,108.42,-9.03
Brook Giga I verify @BrookCalls,Ichimoku_5m_MACD_DynamicTrail_24h,"Ichimoku + MACD on 5m, dynamic trailing stop",186,15.59,2.44,-97.56,133.75,-5.25
Brook Giga I verify @BrookCalls,MultiTrade_DynamicTrail_50pctDropRebound_24h,"Multi-trade: 50% drop + 20% rebound re-entry, dynamic trailing stop",260,15.00,-3.80,-103.80,198.67,-3.99
Austic,Basic_6h_10pctSL_10pctClamp,"Hold 6h, 10% SL, 10% loss clamp",182,2.75,-210.50,-310.50,332.12,-8.53
Austic,Basic_6h_20pctSL_20pctClamp,"Hold 6h, 20% SL, 20% loss clamp",182,5.49,70.11,-29.89,155.64,-1.64
Austic,Basic_6h_20pctSL_30pctClamp,"Hold 6h, 20% SL, 30% loss clamp",182,5.49,80.07,-19.93,112.61,-1.64
Austic,TP_6h_20pctSL_50pctTP,"Hold 6h, 20% SL, 50% TP",182,25.27,42.34,-57.66,63.58,-3.17
Austic,TP_6h_20pctSL_100pctTP,"Hold 6h, 20% SL, 100% TP",182,14.29,16.92,-83.08,100.47,-4.56
Austic,TP_24h_20pctSL_200pctTP,"Hold 24h, 20% SL, 200% TP",182,10.44,29.19,-70.81,105.68,-3.89
Austic,Trailing_6h_20pctSL_25pctTrail_50pctActivate,"Hold 6h, 20% SL, 25% trailing stop (activates at 50% gain)",182,31.87,261.68,161.68,27.13,8.88
Austic,Trailing_24h_20pctSL_30pctTrail_100pctActivate,"Hold 24h, 20% SL, 30% trailing stop (activates at 100% gain)",182,17.03,138.38,38.38,81.81,2.11
Austic,Dip_10pctDrop_ReboundToAlert_6h,"Buy dip: Wait for 10% drop, re-enter when price rebounds to alert level, hold 6h",170,1.76,-229.75,-329.75,329.75,-19.40
Austic,Dip_20pctDrop_ReboundToAlert_6h,"Buy dip: Wait for 20% drop, re-enter when price rebounds to alert level, hold 6h",145,1.38,-192.18,-292.18,292.18,-20.15
Austic,Dip_40pctDrop_ReboundToMinus30pct_24h,"Buy dip: Wait for 40% drop, re-enter when price rebounds to -30% of alert, hold 24h",153,1.96,-185.10,-285.10,285.10,-18.63
Austic,Dip_30pctDrop_ReboundToMinus10pct_6h,"Buy dip: Wait for 30% drop, re-enter when price rebounds to -10% of alert, hold 6h",137,2.19,-171.77,-271.77,271.77,-19.84
Austic,MultiTrade_10pctTrail_50pctDropRebound_24h,"Multi-trade: 10% trailing stop, re-enter after 50% drop from peak + 20% rebound",398,63.32,1070.70,970.70,0.41,24.39
Austic,MultiTrade_15pctTrail_50pctDropRebound_24h,"Multi-trade: 15% trailing stop, re-enter after 50% drop from peak + 20% rebound",354,55.37,805.06,705.06,1.46,19.92
Austic,MultiTrade_20pctTrail_50pctDropRebound_24h,"Multi-trade: 20% trailing stop, re-enter after 50% drop from peak + 20% rebound",310,46.45,573.70,473.70,3.31,15.28
Austic,MultiTrade_25pctTrail_50pctDropRebound_24h,"Multi-trade: 25% trailing stop, re-enter after 50% drop from peak + 20% rebound",292,43.49,388.30,288.30,11.73,9.87
Austic,MultiTrade_30pctTrail_50pctDropRebound_24h,"Multi-trade: 30% trailing stop, re-enter after 50% drop from peak + 20% rebound",270,37.04,235.46,135.46,42.35,5.02
Austic,MultiTrade_35pctTrail_50pctDropRebound_24h,"Multi-trade: 35% trailing stop, re-enter after 50% drop from peak + 20% rebound",241,29.05,110.18,10.18,106.93,0.42
Austic,MultiTrade_40pctTrail_50pctDropRebound_24h,"Multi-trade: 40% trailing stop, re-enter after 50% drop from peak + 20% rebound",232,25.86,26.74,-73.26,163.63,-3.16
Austic,MultiTrade_20pctTrail_40pctDrop15pctRebound_24h,"Multi-trade: 20% trailing stop, re-enter after 40% drop from peak + 15% rebound",181,43.09,399.33,299.33,5.05,16.54
Austic,MultiTrade_20pctTrail_60pctDrop25pctRebound_24h,"Multi-trade: 20% trailing stop, re-enter after 60% drop from peak + 25% rebound",181,43.09,399.33,299.33,5.05,16.54
Austic,MultiTrade_20pctTrail_45pctDrop18pctRebound_24h,"Multi-trade: 20% trailing stop, re-enter after 45% drop from peak + 18% rebound",181,43.09,399.33,299.33,5.05,16.54
Austic,MultiTrade_15pctTrail_RSI_MACD_24h,"Multi-trade: 15% trailing stop, re-enter using RSI/MACD signals",313,43.13,444.52,344.52,3.54,11.01
Austic,MultiTrade_20pctTrail_RSI_MACD_24h,"Multi-trade: 20% trailing stop, re-enter using RSI/MACD signals",273,35.16,335.43,235.43,11.50,8.62
Austic,MultiTrade_25pctTrail_RSI_MACD_24h,"Multi-trade: 25% trailing stop, re-enter using RSI/MACD signals",263,31.94,226.54,126.54,34.97,4.81
Austic,MultiTrade_30pctTrail_RSI_MACD_24h,"Multi-trade: 30% trailing stop, re-enter using RSI/MACD signals",251,28.29,116.68,16.68,95.68,0.66
Austic,MultiTrade_15pctTrail_MA_24h,"Multi-trade: 15% trailing stop, re-enter using MA crossovers",297,43.43,495.80,395.80,1.99,13.33
Austic,MultiTrade_20pctTrail_MA_24h,"Multi-trade: 20% trailing stop, re-enter using MA crossovers",273,37.36,364.01,264.01,7.49,9.67
Austic,MultiTrade_25pctTrail_MA_24h,"Multi-trade: 25% trailing stop, re-enter using MA crossovers",260,32.69,224.93,124.93,29.36,4.81
Austic,MultiTrade_30pctTrail_MA_24h,"Multi-trade: 30% trailing stop, re-enter using MA crossovers",241,27.80,128.38,28.38,73.40,1.18
Austic,Ichimoku_5m_TenkanKijunCross_20pctTrail_24h,"Delayed entry: Ichimoku Tenkan-Kijun cross on 5m, 20% trailing stop, 20% loss cap",143,27.27,97.13,-2.87,32.24,-0.20
Austic,Ichimoku_5m_CloudCross_20pctTrail_24h,"Delayed entry: Ichimoku cloud cross on 5m, 20% trailing stop, 20% loss cap",135,23.70,49.95,-50.05,59.46,-3.71
Austic,PriceBreakout_5pct_20pctTrail_24h,"Delayed entry: 5% price breakout above alert, 20% trailing stop, 20% loss cap",64,29.69,74.75,-25.25,29.72,-3.95
Austic,PriceBreakout_10pct_20pctTrail_24h,"Delayed entry: 10% price breakout above alert, 20% trailing stop, 20% loss cap",63,25.40,72.95,-27.05,33.30,-4.29
Austic,Ichimoku_5m_MACD_20pctTrail_24h,"Delayed entry: Ichimoku Tenkan-Kijun cross + MACD bullish on 5m, 20% trailing stop",127,27.56,78.46,-21.54,30.07,-1.70
Austic,Ichimoku_5m_MA_20pctTrail_24h,"Delayed entry: Ichimoku Tenkan-Kijun cross + MA golden cross on 5m, 20% trailing stop",48,22.92,78.23,-21.77,28.71,-4.53
Austic,RSI_Oversold_5m_20pctTrail_24h,"Delayed entry: RSI oversold bounce on 5m, 20% trailing stop, 20% loss cap",140,20.00,-10.61,-110.61,110.61,-7.90
Austic,MACD_Cross_5m_20pctTrail_24h,"Delayed entry: MACD bullish crossover on 5m, 20% trailing stop, 20% loss cap",141,29.08,59.67,-40.33,50.43,-2.86
Austic,MA_GoldenCross_5m_20pctTrail_24h,"Delayed entry: MA golden cross (EMA9 > EMA20) on 5m, 20% trailing stop, 20% loss cap",160,23.13,7.95,-92.05,92.05,-5.75
Austic,Ichimoku_5m_TenkanKijun_10pctTrail_24h,"Ichimoku Tenkan-Kijun cross on 5m, 10% trailing stop, 20% loss cap",143,38.46,180.08,80.08,7.21,5.60
Austic,Ichimoku_5m_TenkanKijun_15pctTrail_24h,"Ichimoku Tenkan-Kijun cross on 5m, 15% trailing stop, 20% loss cap",143,29.37,124.26,24.26,19.25,1.70
Austic,Ichimoku_5m_TenkanKijun_25pctTrail_24h,"Ichimoku Tenkan-Kijun cross on 5m, 25% trailing stop, 20% loss cap",143,25.17,48.06,-51.94,62.03,-3.63
Austic,Ichimoku_5m_TenkanKijun_30pctTrail_24h,"Ichimoku Tenkan-Kijun cross on 5m, 30% trailing stop, 20% loss cap",143,24.48,13.93,-86.07,90.82,-6.02
Austic,Ichimoku_5m_TenkanKijun_35pctTrail_24h,"Ichimoku Tenkan-Kijun cross on 5m, 35% trailing stop, 20% loss cap",143,20.98,-13.14,-113.14,114.65,-7.91
Austic,Ichimoku_5m_TenkanKijun_40pctTrail_24h,"Ichimoku Tenkan-Kijun cross on 5m, 40% trailing stop, 20% loss cap",143,14.69,-36.24,-136.24,136.96,-9.53
Austic,Ichimoku_5m_TenkanKijun_DynamicTrail_24h,"Ichimoku Tenkan-Kijun cross on 5m, dynamic trailing stop (50% @ 2x, 40% @ 3x, 30% @ 4x, 25% @ 5x, 20% @ 6x, 15% @ 8x, 10% @ 10x)",143,11.19,-44.19,-144.19,144.19,-10.08
Austic,PriceBreakout_5pct_DynamicTrail_24h,"5% price breakout, dynamic trailing stop",64,14.06,54.84,-45.16,57.33,-7.06
Austic,Ichimoku_5m_MACD_DynamicTrail_24h,"Ichimoku + MACD on 5m, dynamic trailing stop",127,10.24,-76.08,-176.08,176.08,-13.86
Austic,MultiTrade_DynamicTrail_50pctDropRebound_24h,"Multi-trade: 50% drop + 20% rebound re-entry, dynamic trailing stop",211,17.06,56.87,-43.13,182.25,-2.04
meta maxist,Basic_6h_10pctSL_10pctClamp,"Hold 6h, 10% SL, 10% loss clamp",174,2.87,-183.80,-283.80,283.80,-8.16
meta maxist,Basic_6h_20pctSL_20pctClamp,"Hold 6h, 20% SL, 20% loss clamp",174,7.47,-19.31,-119.31,184.83,-6.86
meta maxist,Basic_6h_20pctSL_30pctClamp,"Hold 6h, 20% SL, 30% loss clamp",174,7.47,20.46,-79.54,123.22,-6.86
meta maxist,TP_6h_20pctSL_50pctTP,"Hold 6h, 20% SL, 50% TP",174,25.29,35.04,-64.96,72.33,-3.73
meta maxist,TP_6h_20pctSL_100pctTP,"Hold 6h, 20% SL, 100% TP",174,16.09,49.20,-50.80,64.03,-2.92
meta maxist,TP_24h_20pctSL_200pctTP,"Hold 24h, 20% SL, 200% TP",174,9.20,45.37,-54.63,83.90,-3.14
meta maxist,Trailing_6h_20pctSL_25pctTrail_50pctActivate,"Hold 6h, 20% SL, 25% trailing stop (activates at 50% gain)",174,32.18,184.61,84.61,20.16,4.86
meta maxist,Trailing_24h_20pctSL_30pctTrail_100pctActivate,"Hold 24h, 20% SL, 30% trailing stop (activates at 100% gain)",174,17.82,115.52,15.52,33.31,0.89
meta maxist,Dip_10pctDrop_ReboundToAlert_6h,"Buy dip: Wait for 10% drop, re-enter when price rebounds to alert level, hold 6h",163,5.52,-66.90,-166.90,207.25,-10.24
meta maxist,Dip_20pctDrop_ReboundToAlert_6h,"Buy dip: Wait for 20% drop, re-enter when price rebounds to alert level, hold 6h",138,2.17,-142.11,-242.11,242.11,-17.54
meta maxist,Dip_40pctDrop_ReboundToMinus30pct_24h,"Buy dip: Wait for 40% drop, re-enter when price rebounds to -30% of alert, hold 24h",142,0.00,-193.31,-293.31,293.31,-20.66
meta maxist,Dip_30pctDrop_ReboundToMinus10pct_6h,"Buy dip: Wait for 30% drop, re-enter when price rebounds to -10% of alert, hold 6h",131,1.53,-130.05,-230.05,230.05,-17.56
meta maxist,MultiTrade_10pctTrail_50pctDropRebound_24h,"Multi-trade: 10% trailing stop, re-enter after 50% drop from peak + 20% rebound",352,60.23,1577.58,1477.58,0.34,41.98
meta maxist,MultiTrade_15pctTrail_50pctDropRebound_24h,"Multi-trade: 15% trailing stop, re-enter after 50% drop from peak + 20% rebound",317,52.37,1340.41,1240.41,0.84,39.13
meta maxist,MultiTrade_20pctTrail_50pctDropRebound_24h,"Multi-trade: 20% trailing stop, re-enter after 50% drop from peak + 20% rebound",279,42.65,398.28,298.28,4.34,10.69
meta maxist,MultiTrade_25pctTrail_50pctDropRebound_24h,"Multi-trade: 25% trailing stop, re-enter after 50% drop from peak + 20% rebound",256,35.55,280.42,180.42,14.57,7.05
meta maxist,MultiTrade_30pctTrail_50pctDropRebound_24h,"Multi-trade: 30% trailing stop, re-enter after 50% drop from peak + 20% rebound",244,32.79,188.25,88.25,17.46,3.62
meta maxist,MultiTrade_35pctTrail_50pctDropRebound_24h,"Multi-trade: 35% trailing stop, re-enter after 50% drop from peak + 20% rebound",228,28.07,63.43,-36.57,58.30,-1.60
meta maxist,MultiTrade_40pctTrail_50pctDropRebound_24h,"Multi-trade: 40% trailing stop, re-enter after 50% drop from peak + 20% rebound",215,23.26,-10.55,-110.55,110.55,-5.14
meta maxist,MultiTrade_20pctTrail_40pctDrop15pctRebound_24h,"Multi-trade: 20% trailing stop, re-enter after 40% drop from peak + 15% rebound",170,41.76,321.79,221.79,3.48,13.05
meta maxist,MultiTrade_20pctTrail_60pctDrop25pctRebound_24h,"Multi-trade: 20% trailing stop, re-enter after 60% drop from peak + 25% rebound",170,41.76,321.79,221.79,3.48,13.05
meta maxist,MultiTrade_20pctTrail_45pctDrop18pctRebound_24h,"Multi-trade: 20% trailing stop, re-enter after 45% drop from peak + 18% rebound",170,41.76,321.79,221.79,3.48,13.05
meta maxist,MultiTrade_15pctTrail_RSI_MACD_24h,"Multi-trade: 15% trailing stop, re-enter using RSI/MACD signals",279,41.22,375.24,275.24,3.72,9.87
meta maxist,MultiTrade_20pctTrail_RSI_MACD_24h,"Multi-trade: 20% trailing stop, re-enter using RSI/MACD signals",254,34.65,267.00,167.00,6.37,6.57
meta maxist,MultiTrade_25pctTrail_RSI_MACD_24h,"Multi-trade: 25% trailing stop, re-enter using RSI/MACD signals",233,27.90,188.69,88.69,17.22,3.81
meta maxist,MultiTrade_30pctTrail_RSI_MACD_24h,"Multi-trade: 30% trailing stop, re-enter using RSI/MACD signals",232,28.45,123.55,23.55,28.26,1.02
meta maxist,MultiTrade_15pctTrail_MA_24h,"Multi-trade: 15% trailing stop, re-enter using MA crossovers",264,38.26,323.23,223.23,3.61,8.46
meta maxist,MultiTrade_20pctTrail_MA_24h,"Multi-trade: 20% trailing stop, re-enter using MA crossovers",244,31.97,246.16,146.16,6.65,5.99
meta maxist,MultiTrade_25pctTrail_MA_24h,"Multi-trade: 25% trailing stop, re-enter using MA crossovers",228,27.19,169.83,69.83,19.70,3.06
meta maxist,MultiTrade_30pctTrail_MA_24h,"Multi-trade: 30% trailing stop, re-enter using MA crossovers",223,26.01,101.47,1.47,37.80,0.07
meta maxist,Ichimoku_5m_TenkanKijunCross_20pctTrail_24h,"Delayed entry: Ichimoku Tenkan-Kijun cross on 5m, 20% trailing stop, 20% loss cap",136,22.06,23.16,-76.84,76.84,-5.65
meta maxist,Ichimoku_5m_CloudCross_20pctTrail_24h,"Delayed entry: Ichimoku cloud cross on 5m, 20% trailing stop, 20% loss cap",127,22.05,3.90,-96.10,96.12,-7.57
meta maxist,PriceBreakout_5pct_20pctTrail_24h,"Delayed entry: 5% price breakout above alert, 20% trailing stop, 20% loss cap",61,21.31,59.06,-40.94,42.38,-6.71
meta maxist,PriceBreakout_10pct_20pctTrail_24h,"Delayed entry: 10% price breakout above alert, 20% trailing stop, 20% loss cap",58,24.14,66.41,-33.59,34.64,-5.79
meta maxist,Ichimoku_5m_MACD_20pctTrail_24h,"Delayed entry: Ichimoku Tenkan-Kijun cross + MACD bullish on 5m, 20% trailing stop",121,23.97,56.44,-43.56,48.87,-3.60
meta maxist,Ichimoku_5m_MA_20pctTrail_24h,"Delayed entry: Ichimoku Tenkan-Kijun cross + MA golden cross on 5m, 20% trailing stop",44,20.45,65.00,-35.00,35.00,-7.95
meta maxist,RSI_Oversold_5m_20pctTrail_24h,"Delayed entry: RSI oversold bounce on 5m, 20% trailing stop, 20% loss cap",130,27.69,535.74,435.74,9.82,33.52
meta maxist,MACD_Cross_5m_20pctTrail_24h,"Delayed entry: MACD bullish crossover on 5m, 20% trailing stop, 20% loss cap",135,21.48,18.59,-81.41,84.21,-6.03
meta maxist,MA_GoldenCross_5m_20pctTrail_24h,"Delayed entry: MA golden cross (EMA9 > EMA20) on 5m, 20% trailing stop, 20% loss cap",147,17.69,-35.90,-135.90,129.64,-9.24
meta maxist,Ichimoku_5m_TenkanKijun_10pctTrail_24h,"Ichimoku Tenkan-Kijun cross on 5m, 10% trailing stop, 20% loss cap",136,37.50,124.31,24.31,9.47,1.79
meta maxist,Ichimoku_5m_TenkanKijun_15pctTrail_24h,"Ichimoku Tenkan-Kijun cross on 5m, 15% trailing stop, 20% loss cap",136,30.15,72.31,-27.69,27.69,-2.04
meta maxist,Ichimoku_5m_TenkanKijun_25pctTrail_24h,"Ichimoku Tenkan-Kijun cross on 5m, 25% trailing stop, 20% loss cap",136,25.74,15.29,-84.71,85.76,-6.23
meta maxist,Ichimoku_5m_TenkanKijun_30pctTrail_24h,"Ichimoku Tenkan-Kijun cross on 5m, 30% trailing stop, 20% loss cap",136,19.85,-13.99,-113.99,113.76,-8.38
meta maxist,Ichimoku_5m_TenkanKijun_35pctTrail_24h,"Ichimoku Tenkan-Kijun cross on 5m, 35% trailing stop, 20% loss cap",136,19.12,-37.22,-137.22,137.22,-10.09
meta maxist,Ichimoku_5m_TenkanKijun_40pctTrail_24h,"Ichimoku Tenkan-Kijun cross on 5m, 40% trailing stop, 20% loss cap",136,15.44,-66.87,-166.87,166.87,-12.27
meta maxist,Ichimoku_5m_TenkanKijun_DynamicTrail_24h,"Ichimoku Tenkan-Kijun cross on 5m, dynamic trailing stop (50% @ 2x, 40% @ 3x, 30% @ 4x, 25% @ 5x, 20% @ 6x, 15% @ 8x, 10% @ 10x)",136,12.50,-53.97,-153.97,153.73,-11.32
meta maxist,PriceBreakout_5pct_DynamicTrail_24h,"5% price breakout, dynamic trailing stop",61,14.75,60.34,-39.66,53.34,-6.50
meta maxist,Ichimoku_5m_MACD_DynamicTrail_24h,"Ichimoku + MACD on 5m, dynamic trailing stop",121,14.88,-14.62,-114.62,114.62,-9.47
meta maxist,MultiTrade_DynamicTrail_50pctDropRebound_24h,"Multi-trade: 50% drop + 20% rebound re-entry, dynamic trailing stop",203,18.23,40.62,-59.38,74.17,-2.93
davinch,Basic_6h_10pctSL_10pctClamp,"Hold 6h, 10% SL, 10% loss clamp",156,0.00,-235.15,-335.15,335.15,-10.74
davinch,Basic_6h_20pctSL_20pctClamp,"Hold 6h, 20% SL, 20% loss clamp",156,2.56,-201.98,-301.98,301.98,-19.36
davinch,Basic_6h_20pctSL_30pctClamp,"Hold 6h, 20% SL, 30% loss clamp",156,2.56,-101.32,-201.32,201.32,-19.36
davinch,TP_6h_20pctSL_50pctTP,"Hold 6h, 20% SL, 50% TP",156,19.87,-2.11,-102.11,104.86,-6.55
davinch,TP_6h_20pctSL_100pctTP,"Hold 6h, 20% SL, 100% TP",156,7.05,-95.44,-195.44,192.95,-12.53
davinch,TP_24h_20pctSL_200pctTP,"Hold 24h, 20% SL, 200% TP",156,1.28,-176.39,-276.39,253.29,-17.72
davinch,Trailing_6h_20pctSL_25pctTrail_50pctActivate,"Hold 6h, 20% SL, 25% trailing stop (activates at 50% gain)",156,25.64,146.21,46.21,26.27,2.96
davinch,Trailing_24h_20pctSL_30pctTrail_100pctActivate,"Hold 24h, 20% SL, 30% trailing stop (activates at 100% gain)",156,8.97,10.75,-89.25,131.89,-5.72
davinch,Dip_10pctDrop_ReboundToAlert_6h,"Buy dip: Wait for 10% drop, re-enter when price rebounds to alert level, hold 6h",145,2.76,-185.67,-285.67,285.67,-19.70
davinch,Dip_20pctDrop_ReboundToAlert_6h,"Buy dip: Wait for 20% drop, re-enter when price rebounds to alert level, hold 6h",125,1.60,-151.72,-251.72,251.72,-20.14
davinch,Dip_40pctDrop_ReboundToMinus30pct_24h,"Buy dip: Wait for 40% drop, re-enter when price rebounds to -30% of alert, hold 24h",128,0.00,-166.22,-266.22,266.22,-20.80
davinch,Dip_30pctDrop_ReboundToMinus10pct_6h,"Buy dip: Wait for 30% drop, re-enter when price rebounds to -10% of alert, hold 6h",113,0.88,-128.27,-228.27,228.27,-20.20
davinch,MultiTrade_10pctTrail_50pctDropRebound_24h,"Multi-trade: 10% trailing stop, re-enter after 50% drop from peak + 20% rebound",317,59.62,990.24,890.24,0.42,28.08
davinch,MultiTrade_15pctTrail_50pctDropRebound_24h,"Multi-trade: 15% trailing stop, re-enter after 50% drop from peak + 20% rebound",275,49.82,771.28,671.28,1.22,24.41
davinch,MultiTrade_20pctTrail_50pctDropRebound_24h,"Multi-trade: 20% trailing stop, re-enter after 50% drop from peak + 20% rebound",235,37.45,449.46,349.46,4.27,14.87
davinch,MultiTrade_25pctTrail_50pctDropRebound_24h,"Multi-trade: 25% trailing stop, re-enter after 50% drop from peak + 20% rebound",212,28.30,314.22,214.22,10.37,10.10
davinch,MultiTrade_30pctTrail_50pctDropRebound_24h,"Multi-trade: 30% trailing stop, re-enter after 50% drop from peak + 20% rebound",201,24.38,216.00,116.00,27.49,5.77
davinch,MultiTrade_35pctTrail_50pctDropRebound_24h,"Multi-trade: 35% trailing stop, re-enter after 50% drop from peak + 20% rebound",199,23.62,108.51,8.51,69.02,0.43
davinch,MultiTrade_40pctTrail_50pctDropRebound_24h,"Multi-trade: 40% trailing stop, re-enter after 50% drop from peak + 20% rebound",195,21.54,34.01,-65.99,139.48,-3.38
davinch,MultiTrade_20pctTrail_40pctDrop15pctRebound_24h,"Multi-trade: 20% trailing stop, re-enter after 40% drop from peak + 15% rebound",155,36.77,283.09,183.09,6.23,11.81
davinch,MultiTrade_20pctTrail_60pctDrop25pctRebound_24h,"Multi-trade: 20% trailing stop, re-enter after 60% drop from peak + 25% rebound",155,36.77,283.09,183.09,6.23,11.81
davinch,MultiTrade_20pctTrail_45pctDrop18pctRebound_24h,"Multi-trade: 20% trailing stop, re-enter after 45% drop from peak + 18% rebound",155,36.77,283.09,183.09,6.23,11.81
davinch,MultiTrade_15pctTrail_RSI_MACD_24h,"Multi-trade: 15% trailing stop, re-enter using RSI/MACD signals",245,39.18,342.74,242.74,3.57,9.91
davinch,MultiTrade_20pctTrail_RSI_MACD_24h,"Multi-trade: 20% trailing stop, re-enter using RSI/MACD signals",229,33.62,246.41,146.41,8.13,6.39
davinch,MultiTrade_25pctTrail_RSI_MACD_24h,"Multi-trade: 25% trailing stop, re-enter using RSI/MACD signals",209,26.79,153.44,53.44,27.70,2.56
davinch,MultiTrade_30pctTrail_RSI_MACD_24h,"Multi-trade: 30% trailing stop, re-enter using RSI/MACD signals",195,22.05,83.60,-16.40,62.80,-0.84
davinch,MultiTrade_15pctTrail_MA_24h,"Multi-trade: 15% trailing stop, re-enter using MA crossovers",237,40.08,327.68,227.68,4.02,9.61
davinch,MultiTrade_20pctTrail_MA_24h,"Multi-trade: 20% trailing stop, re-enter using MA crossovers",216,31.02,224.35,124.35,11.32,5.76
davinch,MultiTrade_25pctTrail_MA_24h,"Multi-trade: 25% trailing stop, re-enter using MA crossovers",205,26.34,134.69,34.69,39.36,1.69
davinch,MultiTrade_30pctTrail_MA_24h,"Multi-trade: 30% trailing stop, re-enter using MA crossovers",195,22.05,65.17,-34.83,81.33,-1.79
davinch,Ichimoku_5m_TenkanKijunCross_20pctTrail_24h,"Delayed entry: Ichimoku Tenkan-Kijun cross on 5m, 20% trailing stop, 20% loss cap",128,24.22,34.59,-65.41,74.59,-5.11
davinch,Ichimoku_5m_CloudCross_20pctTrail_24h,"Delayed entry: Ichimoku cloud cross on 5m, 20% trailing stop, 20% loss cap",105,20.95,18.21,-81.79,86.92,-7.79
davinch,PriceBreakout_5pct_20pctTrail_24h,"Delayed entry: 5% price breakout above alert, 20% trailing stop, 20% loss cap",59,32.20,78.82,-21.18,26.04,-3.59
davinch,PriceBreakout_10pct_20pctTrail_24h,"Delayed entry: 10% price breakout above alert, 20% trailing stop, 20% loss cap",56,32.14,89.30,-10.70,16.95,-1.91
davinch,Ichimoku_5m_MACD_20pctTrail_24h,"Delayed entry: Ichimoku Tenkan-Kijun cross + MACD bullish on 5m, 20% trailing stop",106,19.81,38.27,-61.73,72.44,-5.82
davinch,Ichimoku_5m_MA_20pctTrail_24h,"Delayed entry: Ichimoku Tenkan-Kijun cross + MA golden cross on 5m, 20% trailing stop",41,7.32,48.46,-51.54,51.54,-12.57
davinch,RSI_Oversold_5m_20pctTrail_24h,"Delayed entry: RSI oversold bounce on 5m, 20% trailing stop, 20% loss cap",123,22.76,40.67,-59.33,67.62,-4.82
davinch,MACD_Cross_5m_20pctTrail_24h,"Delayed entry: MACD bullish crossover on 5m, 20% trailing stop, 20% loss cap",126,20.63,23.98,-76.02,84.77,-6.03
davinch,MA_GoldenCross_5m_20pctTrail_24h,"Delayed entry: MA golden cross (EMA9 > EMA20) on 5m, 20% trailing stop, 20% loss cap",127,16.54,16.26,-83.74,92.98,-6.59
davinch,Ichimoku_5m_TenkanKijun_10pctTrail_24h,"Ichimoku Tenkan-Kijun cross on 5m, 10% trailing stop, 20% loss cap",128,32.81,109.74,9.74,10.44,0.76
davinch,Ichimoku_5m_TenkanKijun_15pctTrail_24h,"Ichimoku Tenkan-Kijun cross on 5m, 15% trailing stop, 20% loss cap",128,28.13,70.73,-29.27,40.84,-2.29
davinch,Ichimoku_5m_TenkanKijun_25pctTrail_24h,"Ichimoku Tenkan-Kijun cross on 5m, 25% trailing stop, 20% loss cap",128,24.22,4.31,-95.69,104.83,-7.48
davinch,Ichimoku_5m_TenkanKijun_30pctTrail_24h,"Ichimoku Tenkan-Kijun cross on 5m, 30% trailing stop, 20% loss cap",128,21.88,-16.99,-116.99,123.38,-9.14
davinch,Ichimoku_5m_TenkanKijun_35pctTrail_24h,"Ichimoku Tenkan-Kijun cross on 5m, 35% trailing stop, 20% loss cap",128,16.41,-36.24,-136.24,139.87,-10.64
davinch,Ichimoku_5m_TenkanKijun_40pctTrail_24h,"Ichimoku Tenkan-Kijun cross on 5m, 40% trailing stop, 20% loss cap",128,14.84,-51.57,-151.57,152.94,-11.84
davinch,Ichimoku_5m_TenkanKijun_DynamicTrail_24h,"Ichimoku Tenkan-Kijun cross on 5m, dynamic trailing stop (50% @ 2x, 40% @ 3x, 30% @ 4x, 25% @ 5x, 20% @ 6x, 15% @ 8x, 10% @ 10x)",128,12.50,-73.90,-173.90,173.90,-13.59
davinch,PriceBreakout_5pct_DynamicTrail_24h,"5% price breakout, dynamic trailing stop",59,20.34,87.04,-12.96,27.83,-2.20
davinch,Ichimoku_5m_MACD_DynamicTrail_24h,"Ichimoku + MACD on 5m, dynamic trailing stop",106,12.26,-46.96,-146.96,146.96,-13.86
davinch,MultiTrade_DynamicTrail_50pctDropRebound_24h,"Multi-trade: 50% drop + 20% rebound re-entry, dynamic trailing stop",170,8.82,114.77,14.77,85.55,0.87
Brook ðŸ’€ðŸ§²,Basic_6h_10pctSL_10pctClamp,"Hold 6h, 10% SL, 10% loss clamp",147,2.72,-179.55,-279.55,279.55,-9.51
Brook ðŸ’€ðŸ§²,Basic_6h_20pctSL_20pctClamp,"Hold 6h, 20% SL, 20% loss clamp",147,5.44,-156.66,-256.66,256.66,-17.46
Brook ðŸ’€ðŸ§²,Basic_6h_20pctSL_30pctClamp,"Hold 6h, 20% SL, 30% loss clamp",147,5.44,-71.10,-171.10,171.10,-17.46
Brook ðŸ’€ðŸ§²,TP_6h_20pctSL_50pctTP,"Hold 6h, 20% SL, 50% TP",147,19.73,-5.24,-105.24,104.44,-7.16
Brook ðŸ’€ðŸ§²,TP_6h_20pctSL_100pctTP,"Hold 6h, 20% SL, 100% TP",147,10.20,-49.13,-149.13,149.13,-10.14
Brook ðŸ’€ðŸ§²,TP_24h_20pctSL_200pctTP,"Hold 24h, 20% SL, 200% TP",147,4.08,-107.33,-207.33,207.33,-14.10
Brook ðŸ’€ðŸ§²,Trailing_6h_20pctSL_25pctTrail_50pctActivate,"Hold 6h, 20% SL, 25% trailing stop (activates at 50% gain)",147,27.89,132.98,32.98,38.36,2.24
Brook ðŸ’€ðŸ§²,Trailing_24h_20pctSL_30pctTrail_100pctActivate,"Hold 24h, 20% SL, 30% trailing stop (activates at 100% gain)",147,10.20,9.42,-90.58,99.56,-6.16
Brook ðŸ’€ðŸ§²,Dip_10pctDrop_ReboundToAlert_6h,"Buy dip: Wait for 10% drop, re-enter when price rebounds to alert level, hold 6h",139,2.88,-106.03,-206.03,206.03,-14.82
Brook ðŸ’€ðŸ§²,Dip_20pctDrop_ReboundToAlert_6h,"Buy dip: Wait for 20% drop, re-enter when price rebounds to alert level, hold 6h",124,1.61,-86.07,-186.07,186.07,-15.01
Brook ðŸ’€ðŸ§²,Dip_40pctDrop_ReboundToMinus30pct_24h,"Buy dip: Wait for 40% drop, re-enter when price rebounds to -30% of alert, hold 24h",126,0.00,-162.06,-262.06,262.06,-20.80
Brook ðŸ’€ðŸ§²,Dip_30pctDrop_ReboundToMinus10pct_6h,"Buy dip: Wait for 30% drop, re-enter when price rebounds to -10% of alert, hold 6h",104,1.92,-110.60,-210.60,210.60,-20.25
Brook ðŸ’€ðŸ§²,MultiTrade_10pctTrail_50pctDropRebound_24h,"Multi-trade: 10% trailing stop, re-enter after 50% drop from peak + 20% rebound",313,65.81,1110.94,1010.94,0.32,32.30
Brook ðŸ’€ðŸ§²,MultiTrade_15pctTrail_50pctDropRebound_24h,"Multi-trade: 15% trailing stop, re-enter after 50% drop from peak + 20% rebound",281,59.43,1946.05,1846.05,0.48,65.70
Brook ðŸ’€ðŸ§²,MultiTrade_20pctTrail_50pctDropRebound_24h,"Multi-trade: 20% trailing stop, re-enter after 50% drop from peak + 20% rebound",256,52.34,1573.63,1473.63,1.71,57.56
Brook ðŸ’€ðŸ§²,MultiTrade_25pctTrail_50pctDropRebound_24h,"Multi-trade: 25% trailing stop, re-enter after 50% drop from peak + 20% rebound",228,41.23,417.46,317.46,9.99,13.92
Brook ðŸ’€ðŸ§²,MultiTrade_30pctTrail_50pctDropRebound_24h,"Multi-trade: 30% trailing stop, re-enter after 50% drop from peak + 20% rebound",215,37.21,267.65,167.65,17.31,7.80
Brook ðŸ’€ðŸ§²,MultiTrade_35pctTrail_50pctDropRebound_24h,"Multi-trade: 35% trailing stop, re-enter after 50% drop from peak + 20% rebound",210,35.24,165.14,65.14,29.94,3.10
Brook ðŸ’€ðŸ§²,MultiTrade_40pctTrail_50pctDropRebound_24h,"Multi-trade: 40% trailing stop, re-enter after 50% drop from peak + 20% rebound",191,28.80,75.69,-24.31,60.40,-1.27
Brook ðŸ’€ðŸ§²,MultiTrade_20pctTrail_40pctDrop15pctRebound_24h,"Multi-trade: 20% trailing stop, re-enter after 40% drop from peak + 15% rebound",144,43.75,273.59,173.59,7.99,12.05
Brook ðŸ’€ðŸ§²,MultiTrade_20pctTrail_60pctDrop25pctRebound_24h,"Multi-trade: 20% trailing stop, re-enter after 60% drop from peak + 25% rebound",144,43.75,273.59,173.59,7.99,12.05
Brook ðŸ’€ðŸ§²,MultiTrade_20pctTrail_45pctDrop18pctRebound_24h,"Multi-trade: 20% trailing stop, re-enter after 45% drop from peak + 18% rebound",144,43.75,273.59,173.59,7.99,12.05
Brook ðŸ’€ðŸ§²,MultiTrade_15pctTrail_RSI_MACD_24h,"Multi-trade: 15% trailing stop, re-enter using RSI/MACD signals",242,41.32,324.20,224.20,3.52,9.26
Brook ðŸ’€ðŸ§²,MultiTrade_20pctTrail_RSI_MACD_24h,"Multi-trade: 20% trailing stop, re-enter using RSI/MACD signals",225,36.00,225.80,125.80,13.79,5.59
Brook ðŸ’€ðŸ§²,MultiTrade_25pctTrail_RSI_MACD_24h,"Multi-trade: 25% trailing stop, re-enter using RSI/MACD signals",204,29.90,151.36,51.36,27.61,2.52
Brook ðŸ’€ðŸ§²,MultiTrade_30pctTrail_RSI_MACD_24h,"Multi-trade: 30% trailing stop, re-enter using RSI/MACD signals",193,25.39,66.70,-33.30,66.52,-1.73
Brook ðŸ’€ðŸ§²,MultiTrade_15pctTrail_MA_24h,"Multi-trade: 15% trailing stop, re-enter using MA crossovers",241,41.49,313.99,213.99,5.70,8.88
Brook ðŸ’€ðŸ§²,MultiTrade_20pctTrail_MA_24h,"Multi-trade: 20% trailing stop, re-enter using MA crossovers",219,35.62,215.69,115.69,13.79,5.28
Brook ðŸ’€ðŸ§²,MultiTrade_25pctTrail_MA_24h,"Multi-trade: 25% trailing stop, re-enter using MA crossovers",197,28.43,142.48,42.48,28.19,2.16
Brook ðŸ’€ðŸ§²,MultiTrade_30pctTrail_MA_24h,"Multi-trade: 30% trailing stop, re-enter using MA crossovers",189,24.87,65.78,-34.22,60.49,-1.81
Brook ðŸ’€ðŸ§²,Ichimoku_5m_TenkanKijunCross_20pctTrail_24h,"Delayed entry: Ichimoku Tenkan-Kijun cross on 5m, 20% trailing stop, 20% loss cap",136,30.15,73.73,-26.27,38.04,-1.93
Brook ðŸ’€ðŸ§²,Ichimoku_5m_CloudCross_20pctTrail_24h,"Delayed entry: Ichimoku cloud cross on 5m, 20% trailing stop, 20% loss cap",131,30.53,93.19,-6.81,26.46,-0.52
Brook ðŸ’€ðŸ§²,PriceBreakout_5pct_20pctTrail_24h,"Delayed entry: 5% price breakout above alert, 20% trailing stop, 20% loss cap",83,19.28,47.66,-52.34,53.80,-6.31
Brook ðŸ’€ðŸ§²,PriceBreakout_10pct_20pctTrail_24h,"Delayed entry: 10% price breakout above alert, 20% trailing stop, 20% loss cap",81,20.99,34.74,-65.26,65.79,-8.06
Brook ðŸ’€ðŸ§²,Ichimoku_5m_MACD_20pctTrail_24h,"Delayed entry: Ichimoku Tenkan-Kijun cross + MACD bullish on 5m, 20% trailing stop",123,32.52,75.15,-24.85,34.21,-2.02
Brook ðŸ’€ðŸ§²,Ichimoku_5m_MA_20pctTrail_24h,"Delayed entry: Ichimoku Tenkan-Kijun cross + MA golden cross on 5m, 20% trailing stop",76,34.21,77.32,-22.68,26.63,-2.98
Brook ðŸ’€ðŸ§²,RSI_Oversold_5m_20pctTrail_24h,"Delayed entry: RSI oversold bounce on 5m, 20% trailing stop, 20% loss cap",131,25.19,18.85,-81.15,81.44,-6.19
Brook ðŸ’€ðŸ§²,MACD_Cross_5m_20pctTrail_24h,"Delayed entry: MACD bullish crossover on 5m, 20% trailing stop, 20% loss cap",133,21.05,-1.50,-101.50,101.41,-7.63
Brook ðŸ’€ðŸ§²,MA_GoldenCross_5m_20pctTrail_24h,"Delayed entry: MA golden cross (EMA9 > EMA20) on 5m, 20% trailing stop, 20% loss cap",149,20.81,-15.33,-115.33,126.90,-7.74
Brook ðŸ’€ðŸ§²,Ichimoku_5m_TenkanKijun_10pctTrail_24h,"Ichimoku Tenkan-Kijun cross on 5m, 10% trailing stop, 20% loss cap",136,41.91,187.41,87.41,4.52,6.43
Brook ðŸ’€ðŸ§²,Ichimoku_5m_TenkanKijun_15pctTrail_24h,"Ichimoku Tenkan-Kijun cross on 5m, 15% trailing stop, 20% loss cap",136,35.29,124.18,24.18,14.35,1.78
Brook ðŸ’€ðŸ§²,Ichimoku_5m_TenkanKijun_25pctTrail_24h,"Ichimoku Tenkan-Kijun cross on 5m, 25% trailing stop, 20% loss cap",136,26.47,49.74,-50.26,57.21,-3.70
Brook ðŸ’€ðŸ§²,Ichimoku_5m_TenkanKijun_30pctTrail_24h,"Ichimoku Tenkan-Kijun cross on 5m, 30% trailing stop, 20% loss cap",136,21.32,6.42,-93.58,94.45,-6.88
Brook ðŸ’€ðŸ§²,Ichimoku_5m_TenkanKijun_35pctTrail_24h,"Ichimoku Tenkan-Kijun cross on 5m, 35% trailing stop, 20% loss cap",136,20.59,12.58,-87.42,113.23,-6.43
Brook ðŸ’€ðŸ§²,Ichimoku_5m_TenkanKijun_40pctTrail_24h,"Ichimoku Tenkan-Kijun cross on 5m, 40% trailing stop, 20% loss cap",136,18.38,-20.80,-120.80,141.24,-8.88
Brook ðŸ’€ðŸ§²,Ichimoku_5m_TenkanKijun_DynamicTrail_24h,"Ichimoku Tenkan-Kijun cross on 5m, dynamic trailing stop (50% @ 2x, 40% @ 3x, 30% @ 4x, 25% @ 5x, 20% @ 6x, 15% @ 8x, 10% @ 10x)",136,14.71,-31.23,-131.23,156.66,-9.65
Brook ðŸ’€ðŸ§²,PriceBreakout_5pct_DynamicTrail_24h,"5% price breakout, dynamic trailing stop",83,9.64,-51.68,-151.68,151.75,-18.27
Brook ðŸ’€ðŸ§²,Ichimoku_5m_MACD_DynamicTrail_24h,"Ichimoku + MACD on 5m, dynamic trailing stop",123,11.38,-41.97,-141.97,149.39,-11.54
Brook ðŸ’€ðŸ§²,MultiTrade_DynamicTrail_50pctDropRebound_24h,"Multi-trade: 50% drop + 20% rebound re-entry, dynamic trailing stop",163,15.34,46.40,-53.60,72.47,-3.29
Croz,Basic_6h_10pctSL_10pctClamp,"Hold 6h, 10% SL, 10% loss clamp",143,3.50,45.78,-54.22,81.69,-1.90
Croz,Basic_6h_20pctSL_20pctClamp,"Hold 6h, 20% SL, 20% loss clamp",143,6.29,-30.33,-130.33,121.11,-9.11
Croz,Basic_6h_20pctSL_30pctClamp,"Hold 6h, 20% SL, 30% loss clamp",143,6.29,13.12,-86.88,90.91,-9.11
Croz,TP_6h_20pctSL_50pctTP,"Hold 6h, 20% SL, 50% TP",143,23.78,40.43,-59.57,67.28,-4.17
Croz,TP_6h_20pctSL_100pctTP,"Hold 6h, 20% SL, 100% TP",143,15.38,45.36,-54.64,59.44,-3.82
Croz,TP_24h_20pctSL_200pctTP,"Hold 24h, 20% SL, 200% TP",143,9.09,37.02,-62.98,71.57,-4.40
Croz,Trailing_6h_20pctSL_25pctTrail_50pctActivate,"Hold 6h, 20% SL, 25% trailing stop (activates at 50% gain)",143,27.97,117.51,17.51,22.86,1.22
Croz,Trailing_24h_20pctSL_30pctTrail_100pctActivate,"Hold 24h, 20% SL, 30% trailing stop (activates at 100% gain)",143,16.78,63.98,-36.02,47.68,-2.52
Croz,Dip_10pctDrop_ReboundToAlert_6h,"Buy dip: Wait for 10% drop, re-enter when price rebounds to alert level, hold 6h",129,5.43,-69.95,-169.95,146.48,-13.17
Croz,Dip_20pctDrop_ReboundToAlert_6h,"Buy dip: Wait for 20% drop, re-enter when price rebounds to alert level, hold 6h",112,2.68,-64.46,-164.46,141.83,-14.68
Croz,Dip_40pctDrop_ReboundToMinus30pct_24h,"Buy dip: Wait for 40% drop, re-enter when price rebounds to -30% of alert, hold 24h",110,2.73,-66.45,-166.45,147.99,-15.13
Croz,Dip_30pctDrop_ReboundToMinus10pct_6h,"Buy dip: Wait for 30% drop, re-enter when price rebounds to -10% of alert, hold 6h",105,1.90,-47.72,-147.72,130.26,-14.07
Croz,MultiTrade_10pctTrail_50pctDropRebound_24h,"Multi-trade: 10% trailing stop, re-enter after 50% drop from peak + 20% rebound",284,59.15,607.53,507.53,0.94,17.87
Croz,MultiTrade_15pctTrail_50pctDropRebound_24h,"Multi-trade: 15% trailing stop, re-enter after 50% drop from peak + 20% rebound",239,46.44,389.44,289.44,5.55,12.11
Croz,MultiTrade_20pctTrail_50pctDropRebound_24h,"Multi-trade: 20% trailing stop, re-enter after 50% drop from peak + 20% rebound",206,35.44,228.36,128.36,12.84,6.23
Croz,MultiTrade_25pctTrail_50pctDropRebound_24h,"Multi-trade: 25% trailing stop, re-enter after 50% drop from peak + 20% rebound",194,30.93,150.26,50.26,18.87,2.59
Croz,MultiTrade_30pctTrail_50pctDropRebound_24h,"Multi-trade: 30% trailing stop, re-enter after 50% drop from peak + 20% rebound",193,30.05,71.16,-28.84,46.57,-1.49
Croz,MultiTrade_35pctTrail_50pctDropRebound_24h,"Multi-trade: 35% trailing stop, re-enter after 50% drop from peak + 20% rebound",192,29.69,10.93,-89.07,90.21,-4.64
Croz,MultiTrade_40pctTrail_50pctDropRebound_24h,"Multi-trade: 40% trailing stop, re-enter after 50% drop from peak + 20% rebound",185,25.41,-27.37,-127.37,124.28,-6.88
Croz,MultiTrade_20pctTrail_40pctDrop15pctRebound_24h,"Multi-trade: 20% trailing stop, re-enter after 40% drop from peak + 15% rebound",142,30.28,185.31,85.31,13.47,6.01
Croz,MultiTrade_20pctTrail_60pctDrop25pctRebound_24h,"Multi-trade: 20% trailing stop, re-enter after 60% drop from peak + 25% rebound",142,30.28,185.31,85.31,13.47,6.01
Croz,MultiTrade_20pctTrail_45pctDrop18pctRebound_24h,"Multi-trade: 20% trailing stop, re-enter after 45% drop from peak + 18% rebound",142,30.28,185.31,85.31,13.47,6.01
Croz,MultiTrade_15pctTrail_RSI_MACD_24h,"Multi-trade: 15% trailing stop, re-enter using RSI/MACD signals",215,34.42,212.63,112.63,8.46,5.24
Croz,MultiTrade_20pctTrail_RSI_MACD_24h,"Multi-trade: 20% trailing stop, re-enter using RSI/MACD signals",193,27.46,153.87,53.87,13.63,2.79
Croz,MultiTrade_25pctTrail_RSI_MACD_24h,"Multi-trade: 25% trailing stop, re-enter using RSI/MACD signals",190,26.32,84.19,-15.81,39.40,-0.83
Croz,MultiTrade_30pctTrail_RSI_MACD_24h,"Multi-trade: 30% trailing stop, re-enter using RSI/MACD signals",186,24.73,28.40,-71.60,73.97,-3.85
Croz,MultiTrade_15pctTrail_MA_24h,"Multi-trade: 15% trailing stop, re-enter using MA crossovers",208,33.65,218.50,118.50,8.61,5.70
Croz,MultiTrade_20pctTrail_MA_24h,"Multi-trade: 20% trailing stop, re-enter using MA crossovers",189,26.98,153.90,53.90,14.90,2.85
Croz,MultiTrade_25pctTrail_MA_24h,"Multi-trade: 25% trailing stop, re-enter using MA crossovers",186,25.81,89.49,-10.51,36.28,-0.57
Croz,MultiTrade_30pctTrail_MA_24h,"Multi-trade: 30% trailing stop, re-enter using MA crossovers",183,24.59,41.10,-58.90,63.31,-3.22
Croz,Ichimoku_5m_TenkanKijunCross_20pctTrail_24h,"Delayed entry: Ichimoku Tenkan-Kijun cross on 5m, 20% trailing stop, 20% loss cap",115,17.39,22.94,-77.06,77.57,-6.70
Croz,Ichimoku_5m_CloudCross_20pctTrail_24h,"Delayed entry: Ichimoku cloud cross on 5m, 20% trailing stop, 20% loss cap",104,18.27,43.65,-56.35,57.68,-5.42
Croz,PriceBreakout_5pct_20pctTrail_24h,"Delayed entry: 5% price breakout above alert, 20% trailing stop, 20% loss cap",60,23.33,47.20,-52.80,53.26,-8.80
Croz,PriceBreakout_10pct_20pctTrail_24h,"Delayed entry: 10% price breakout above alert, 20% trailing stop, 20% loss cap",58,24.14,51.86,-48.14,48.14,-8.30
Croz,Ichimoku_5m_MACD_20pctTrail_24h,"Delayed entry: Ichimoku Tenkan-Kijun cross + MACD bullish on 5m, 20% trailing stop",102,18.63,22.10,-77.90,78.42,-7.64
Croz,Ichimoku_5m_MA_20pctTrail_24h,"Delayed entry: Ichimoku Tenkan-Kijun cross + MA golden cross on 5m, 20% trailing stop",38,13.16,61.54,-38.46,38.46,-10.12
Croz,RSI_Oversold_5m_20pctTrail_24h,"Delayed entry: RSI oversold bounce on 5m, 20% trailing stop, 20% loss cap",101,20.79,40.96,-59.04,61.74,-5.85
Croz,MACD_Cross_5m_20pctTrail_24h,"Delayed entry: MACD bullish crossover on 5m, 20% trailing stop, 20% loss cap",112,18.75,12.73,-87.27,87.75,-7.79
Croz,MA_GoldenCross_5m_20pctTrail_24h,"Delayed entry: MA golden cross (EMA9 > EMA20) on 5m, 20% trailing stop, 20% loss cap",115,13.04,-22.73,-122.73,123.21,-10.67
Croz,Ichimoku_5m_TenkanKijun_10pctTrail_24h,"Ichimoku Tenkan-Kijun cross on 5m, 10% trailing stop, 20% loss cap",115,31.30,96.66,-3.34,15.43,-0.29
Croz,Ichimoku_5m_TenkanKijun_15pctTrail_24h,"Ichimoku Tenkan-Kijun cross on 5m, 15% trailing stop, 20% loss cap",115,20.00,53.31,-46.69,47.20,-4.06
Croz,Ichimoku_5m_TenkanKijun_25pctTrail_24h,"Ichimoku Tenkan-Kijun cross on 5m, 25% trailing stop, 20% loss cap",115,20.87,-1.88,-101.88,102.29,-8.86
Croz,Ichimoku_5m_TenkanKijun_30pctTrail_24h,"Ichimoku Tenkan-Kijun cross on 5m, 30% trailing stop, 20% loss cap",115,16.52,-9.89,-109.89,110.05,-9.56
Croz,Ichimoku_5m_TenkanKijun_35pctTrail_24h,"Ichimoku Tenkan-Kijun cross on 5m, 35% trailing stop, 20% loss cap",115,14.78,-23.77,-123.77,123.69,-10.76
Croz,Ichimoku_5m_TenkanKijun_40pctTrail_24h,"Ichimoku Tenkan-Kijun cross on 5m, 40% trailing stop, 20% loss cap",115,17.39,9.81,-90.19,90.90,-7.84
Croz,Ichimoku_5m_TenkanKijun_DynamicTrail_24h,"Ichimoku Tenkan-Kijun cross on 5m, dynamic trailing stop (50% @ 2x, 40% @ 3x, 30% @ 4x, 25% @ 5x, 20% @ 6x, 15% @ 8x, 10% @ 10x)",115,15.65,12.41,-87.59,92.07,-7.62
Croz,PriceBreakout_5pct_DynamicTrail_24h,"5% price breakout, dynamic trailing stop",60,10.00,32.86,-67.14,69.84,-11.19
Croz,Ichimoku_5m_MACD_DynamicTrail_24h,"Ichimoku + MACD on 5m, dynamic trailing stop",102,9.80,-37.80,-137.80,142.29,-13.51
Croz,MultiTrade_DynamicTrail_50pctDropRebound_24h,"Multi-trade: 50% drop + 20% rebound re-entry, dynamic trailing stop",164,15.24,-60.94,-160.94,152.62,-9.81
Brook,Basic_6h_10pctSL_10pctClamp,"Hold 6h, 10% SL, 10% loss clamp",426,3.99,-609.02,-709.02,709.02,-8.32
Brook,Basic_6h_20pctSL_20pctClamp,"Hold 6h, 20% SL, 20% loss clamp",426,6.57,-564.61,-664.61,664.61,-15.60
Brook,Basic_6h_20pctSL_30pctClamp,"Hold 6h, 20% SL, 30% loss clamp",426,6.57,-343.07,-443.07,443.07,-15.60
Brook,TP_6h_20pctSL_50pctTP,"Hold 6h, 20% SL, 50% TP",426,21.60,-144.80,-244.80,226.81,-5.75
Brook,TP_6h_20pctSL_100pctTP,"Hold 6h, 20% SL, 100% TP",426,13.85,-145.15,-245.15,218.05,-5.75
Brook,TP_24h_20pctSL_200pctTP,"Hold 24h, 20% SL, 200% TP",426,7.75,-203.98,-303.98,281.36,-7.14
Brook,Trailing_6h_20pctSL_25pctTrail_50pctActivate,"Hold 6h, 20% SL, 25% trailing stop (activates at 50% gain)",426,28.40,312.92,212.92,33.39,5.00
Brook,Trailing_24h_20pctSL_30pctTrail_100pctActivate,"Hold 24h, 20% SL, 30% trailing stop (activates at 100% gain)",426,15.02,53.04,-46.96,134.05,-1.10
Brook,Dip_10pctDrop_ReboundToAlert_6h,"Buy dip: Wait for 10% drop, re-enter when price rebounds to alert level, hold 6h",370,4.32,-439.68,-539.68,461.20,-14.59
Brook,Dip_20pctDrop_ReboundToAlert_6h,"Buy dip: Wait for 20% drop, re-enter when price rebounds to alert level, hold 6h",320,3.13,-387.71,-487.71,414.53,-15.24
Brook,Dip_40pctDrop_ReboundToMinus30pct_24h,"Buy dip: Wait for 40% drop, re-enter when price rebounds to -30% of alert, hold 24h",334,0.90,-575.67,-675.67,675.67,-20.23
Brook,Dip_30pctDrop_ReboundToMinus10pct_6h,"Buy dip: Wait for 30% drop, re-enter when price rebounds to -10% of alert, hold 6h",289,3.11,-462.49,-562.49,562.49,-19.46
Brook,MultiTrade_10pctTrail_50pctDropRebound_24h,"Multi-trade: 10% trailing stop, re-enter after 50% drop from peak + 20% rebound",856,60.63,2398.58,2298.58,0.36,26.85
Brook,MultiTrade_15pctTrail_50pctDropRebound_24h,"Multi-trade: 15% trailing stop, re-enter after 50% drop from peak + 20% rebound",752,51.73,2685.07,2585.07,0.92,34.38
Brook,MultiTrade_20pctTrail_50pctDropRebound_24h,"Multi-trade: 20% trailing stop, re-enter after 50% drop from peak + 20% rebound",685,44.38,2221.14,2121.14,2.35,30.97
Brook,MultiTrade_25pctTrail_50pctDropRebound_24h,"Multi-trade: 25% trailing stop, re-enter after 50% drop from peak + 20% rebound",623,36.76,837.28,737.28,9.58,11.83
Brook,MultiTrade_30pctTrail_50pctDropRebound_24h,"Multi-trade: 30% trailing stop, re-enter after 50% drop from peak + 20% rebound",594,33.16,542.16,442.16,18.05,7.44
Brook,MultiTrade_35pctTrail_50pctDropRebound_24h,"Multi-trade: 35% trailing stop, re-enter after 50% drop from peak + 20% rebound",577,30.50,147.66,47.66,51.89,0.83
Brook,MultiTrade_40pctTrail_50pctDropRebound_24h,"Multi-trade: 40% trailing stop, re-enter after 50% drop from peak + 20% rebound",549,26.59,-60.58,-160.58,189.84,-2.92
Brook,MultiTrade_20pctTrail_40pctDrop15pctRebound_24h,"Multi-trade: 20% trailing stop, re-enter after 40% drop from peak + 15% rebound",421,36.82,558.83,458.83,8.50,10.90
Brook,MultiTrade_20pctTrail_60pctDrop25pctRebound_24h,"Multi-trade: 20% trailing stop, re-enter after 60% drop from peak + 25% rebound",421,36.82,558.83,458.83,8.50,10.90
Brook,MultiTrade_20pctTrail_45pctDrop18pctRebound_24h,"Multi-trade: 20% trailing stop, re-enter after 45% drop from peak + 18% rebound",421,36.82,558.83,458.83,8.50,10.90
Brook,MultiTrade_15pctTrail_RSI_MACD_24h,"Multi-trade: 15% trailing stop, re-enter using RSI/MACD signals",672,38.84,757.33,657.33,4.50,9.78
Brook,MultiTrade_20pctTrail_RSI_MACD_24h,"Multi-trade: 20% trailing stop, re-enter using RSI/MACD signals",621,33.49,460.73,360.73,14.22,5.81
Brook,MultiTrade_25pctTrail_RSI_MACD_24h,"Multi-trade: 25% trailing stop, re-enter using RSI/MACD signals",568,27.11,227.77,127.77,33.93,2.25
Brook,MultiTrade_30pctTrail_RSI_MACD_24h,"Multi-trade: 30% trailing stop, re-enter using RSI/MACD signals",542,23.25,44.53,-55.47,121.93,-1.02
Brook,MultiTrade_15pctTrail_MA_24h,"Multi-trade: 15% trailing stop, re-enter using MA crossovers",656,37.04,676.77,576.77,4.75,8.79
Brook,MultiTrade_20pctTrail_MA_24h,"Multi-trade: 20% trailing stop, re-enter using MA crossovers",600,31.50,421.46,321.46,12.62,5.36
Brook,MultiTrade_25pctTrail_MA_24h,"Multi-trade: 25% trailing stop, re-enter using MA crossovers",550,25.27,210.92,110.92,38.79,2.02
Brook,MultiTrade_30pctTrail_MA_24h,"Multi-trade: 30% trailing stop, re-enter using MA crossovers",535,22.99,50.11,-49.89,107.49,-0.93
Brook,Ichimoku_5m_TenkanKijunCross_20pctTrail_24h,"Delayed entry: Ichimoku Tenkan-Kijun cross on 5m, 20% trailing stop, 20% loss cap",366,26.78,4.92,-95.08,95.96,-2.60
Brook,Ichimoku_5m_CloudCross_20pctTrail_24h,"Delayed entry: Ichimoku cloud cross on 5m, 20% trailing stop, 20% loss cap",359,24.51,-21.71,-121.71,119.40,-3.39
Brook,PriceBreakout_5pct_20pctTrail_24h,"Delayed entry: 5% price breakout above alert, 20% trailing stop, 20% loss cap",218,22.02,-49.03,-149.03,149.03,-6.84
Brook,PriceBreakout_10pct_20pctTrail_24h,"Delayed entry: 10% price breakout above alert, 20% trailing stop, 20% loss cap",209,21.05,-65.78,-165.78,165.78,-7.93
Brook,Ichimoku_5m_MACD_20pctTrail_24h,"Delayed entry: Ichimoku Tenkan-Kijun cross + MACD bullish on 5m, 20% trailing stop",336,27.08,1.67,-98.33,98.51,-2.93
Brook,Ichimoku_5m_MA_20pctTrail_24h,"Delayed entry: Ichimoku Tenkan-Kijun cross + MA golden cross on 5m, 20% trailing stop",173,31.21,16.26,-83.74,83.74,-4.84
Brook,RSI_Oversold_5m_20pctTrail_24h,"Delayed entry: RSI oversold bounce on 5m, 20% trailing stop, 20% loss cap",356,22.47,-141.88,-241.88,225.93,-6.79
Brook,MACD_Cross_5m_20pctTrail_24h,"Delayed entry: MACD bullish crossover on 5m, 20% trailing stop, 20% loss cap",357,20.73,-140.58,-240.58,231.61,-6.74
Brook,MA_GoldenCross_5m_20pctTrail_24h,"Delayed entry: MA golden cross (EMA9 > EMA20) on 5m, 20% trailing stop, 20% loss cap",412,20.63,-173.64,-273.64,266.48,-6.64
Brook,Ichimoku_5m_TenkanKijun_10pctTrail_24h,"Ichimoku Tenkan-Kijun cross on 5m, 10% trailing stop, 20% loss cap",366,37.98,249.99,149.99,5.41,4.10
Brook,Ichimoku_5m_TenkanKijun_15pctTrail_24h,"Ichimoku Tenkan-Kijun cross on 5m, 15% trailing stop, 20% loss cap",366,29.51,113.32,13.32,33.16,0.36
Brook,Ichimoku_5m_TenkanKijun_25pctTrail_24h,"Ichimoku Tenkan-Kijun cross on 5m, 25% trailing stop, 20% loss cap",366,23.50,-97.57,-197.57,194.34,-5.40
Brook,Ichimoku_5m_TenkanKijun_30pctTrail_24h,"Ichimoku Tenkan-Kijun cross on 5m, 30% trailing stop, 20% loss cap",366,20.22,-188.10,-288.10,285.88,-7.87
Brook,Ichimoku_5m_TenkanKijun_35pctTrail_24h,"Ichimoku Tenkan-Kijun cross on 5m, 35% trailing stop, 20% loss cap",366,20.22,-182.80,-282.80,282.80,-7.73
Brook,Ichimoku_5m_TenkanKijun_40pctTrail_24h,"Ichimoku Tenkan-Kijun cross on 5m, 40% trailing stop, 20% loss cap",366,17.76,-217.31,-317.31,270.55,-8.67
Brook,Ichimoku_5m_TenkanKijun_DynamicTrail_24h,"Ichimoku Tenkan-Kijun cross on 5m, dynamic trailing stop (50% @ 2x, 40% @ 3x, 30% @ 4x, 25% @ 5x, 20% @ 6x, 15% @ 8x, 10% @ 10x)",366,13.66,-248.04,-348.04,295.91,-9.51
Brook,PriceBreakout_5pct_DynamicTrail_24h,"5% price breakout, dynamic trailing stop",218,13.30,-215.01,-315.01,315.01,-14.45
Brook,Ichimoku_5m_MACD_DynamicTrail_24h,"Ichimoku + MACD on 5m, dynamic trailing stop",336,12.50,-266.46,-366.46,301.07,-10.91
Brook,MultiTrade_DynamicTrail_50pctDropRebound_24h,"Multi-trade: 50% drop + 20% rebound re-entry, dynamic trailing stop",490,16.94,-65.43,-165.43,299.89,-3.38
